ip_src,ip_dst,ts,flow_duration,Header_Length,Protocol Type,Duration,Rate,Srate,Drate,fin_flag_number,syn_flag_number,rst_flag_number,psh_flag_number,ack_flag_number,ece_flag_number,cwr_flag_number,ack_count,syn_count,fin_count,urg_count,rst_count,HTTP,HTTPS,DNS,Telnet,SMTP,SSH,IRC,TCP,UDP,DHCP,ARP,ICMP,IPv,LLC,Tot sum,Min,Max,AVG,Std,Tot size,IAT,Number,Magnitue,Radius,Covariance,Variance,Weight,label
192.168.1.100,192.168.1.1,1780569475,0.012408686,59.8,6,140.4,13.97415092,13.97415092,0,0,0,1,0,1,0,0,0,0.1,1,0,1,0,0,0,0,0,0,0,1,0,0,0,0,1,1,857,54,58,55.33754281,1.867369298,54,166846839,13.5,10.52069574,2.645008108,3.504600023,1,244.6,Recon-Host-Discovery
192.168.1.100,192.168.1.1,1780569475,11.61215229,339.4,6,121.3,6.701959534,6.701959534,0,0,0,1,0,1,0,0,0,0,0.9,1.8,4,0,0,0,0,0,0,0,1,0,0,0,0,1,1,305.4,54,62.4,55.3147619,3.000727678,55.2,0.001595402,5.5,10.51763225,4.24366978,13.06048753,0.7,38.5,Recon-Host-Discovery
192.168.1.100,192.168.1.1,1780569475,77.81849198,8746.5,5.4,128.3,33.93562727,33.93562727,0,0,0,0,0,1,0,0,0,1.2,0,46.5,83.1,1,0,0,0,0,0,0,1,0,0,0,0,1,1,1679.7,58.2,236.4,108.2945253,60.390721,96.1,166847055.3,13.5,14.73260586,85.47930963,3671.63235,1,244.6,Recon-Host-Discovery
192.168.1.100,192.168.1.1,1780569475,1.75008378,7216.6,6,61.2,14.33525201,14.33525201,0,0,0,0,0,1,0,0,1,1.8,1.8,8.3,17.9,0,1,0,0,0,0,0,1,0,0,0,0,1,1,1986.6,54.6,776,130.4118301,176.461852,66,166848077,13.5,16.14898494,250.0687146,31464.74812,1,244.6,Recon-Host-Discovery
192.168.1.100,192.168.1.1,1780569475,818.5588133,166650,5.9,87.5,1.371765921,1.371765921,0,0,0,0,0,1,0,0,0,0.4,0,879.2,1446.3,0,1,0,0,0,0,0,1,0,0,0,0,1,1,1342.9,46,215.2,86.29663418,50.51226897,90.6,166847557.4,13.5,13.14312658,71.57969388,2582.211157,1,244.6,Recon-Host-Discovery
192.168.1.100,192.168.1.1,1780569475,756.7316005,46934.9,9.3,86.1,4.063963358,4.063963358,0,0,0,0,0,1,0,0,0.4,0.3,0,243.3,456.1,0,0,0,0,0,0,0,1,0,0,0,0,1,1,411.6,55.2,108.1,72.55305556,18.67225604,76.1,0.019028401,5.5,12.03294489,26.40655773,408.4938286,0.9,38.5,Recon-Host-Discovery
192.168.1.100,192.168.1.1,1780569475,265.8034635,79787.1,6,81.2,15.28400622,15.28400622,0,0,0,0,0,1,0,0,0,1.4,0,420.2,684.5,0,1,0,0,0,0,0,1,0,0,0,0,1,1,1704.2,66,312,110.8385676,68.46181828,83.6,166847393.2,13.5,14.88291961,97.04153363,4732.903014,1,244.6,Recon-Host-Discovery
192.168.1.100,192.168.1.1,1780569475,56.74969642,373,6,109.5,22.37306328,22.37306328,0,0,1,0,0,0,0,0,0,0.7,0.6,2,3.6,0,0,0,0,0,0,0,1,0,0,0,0,1,1,311.4,54,57.6,56.37857143,1.673791365,56.8,0.002763009,5.5,10.6184065,2.367098448,3.125503401,0.9,38.5,Recon-Host-Discovery
192.168.1.100,192.168.1.1,1780569475,588.2072213,46164.4,5.5,112.1,0.844295136,0.844295136,0,0,0,0,0,1,0,0,0,0.1,0,266.8,431.5,0,0,0,0,0,0,0,1,0,0,0,0,1,1,507.9,65.2,118.9,94.56892857,20.81280095,92.7,0.038298202,5.5,13.74264215,29.43374537,529.0499965,0.9,38.5,Recon-Host-Discovery
192.168.1.100,192.168.1.1,1780569475,0.013722992,79.6,6,47.4,155.9319235,155.9319235,0,0,1,0,0,0,0,0,0,1,0.4,0,0.4,0,0,0,0,0,0,0,1,0,0,0,0,1,1,319,58,58,58,0,58,0.000177503,5.5,10.77032961,0,0,0,38.5,Recon-Host-Discovery
192.168.1.100,192.168.1.1,1780569475,0.057072783,83.8,6,69.8,17.53836074,17.53836074,0,0,1,0,0,0,0,0,0,0.7,0.8,0,0.8,0,0,0,0,0,0,0,1,0,0,0,0,1,1,311,54.4,58,56.52238095,1.71929838,56.8,0.002051091,5.5,10.63206889,2.431455087,3.288197279,0.9,38.5,Recon-Host-Discovery
192.168.1.100,192.168.1.1,1780569475,0.04428587,78,6,114.5,17.62063958,17.62063958,0,0,1,0,0,0,0,0,0,0.6,0.8,0,0.8,0,0,0,0,0,0,0,1,0,0,0,0,1,1,1043.8,54,214,67.75360218,39.0496901,56.4,166846827.1,13.5,11.64235176,55.34511964,1542.249871,1,244.6,Recon-Host-Discovery
192.168.1.100,192.168.1.1,1780569475,0.037034559,88.8,6,78.4,29.84213914,29.84213914,0,0,0,1,0,0,0,0,0,0.6,1,0,1,0,0,0,0,0,0,0,1,0,0,0,0,1,1,302.6,54,56,54.66873016,0.918142724,55.6,0.002616596,5.5,10.4562264,1.298449892,1.702814563,0.5,38.5,Recon-Host-Discovery
192.168.1.100,192.168.1.1,1780569475,0,48.6,5.4,153.1,0.18879465,0.18879465,0,0,0,1,0,1,0,0,0,0,0.9,0,0.9,0,0,0,0,0,0,0,1,0,0,0,0,1,1,298.8,54,55.8,54.20166667,0.566993157,54.6,0.00372479,5.5,10.41164972,0.801849412,1.073305556,0.3,38.5,Recon-Host-Discovery
192.168.1.100,192.168.1.1,1780569475,71.11430988,16872.1,7.1,83.1,124.7634406,124.7634406,0,0,0,0,0,1,0,0,0,1.7,0,29.9,48.5,0,1,0,0,0,0,0,1,0,0,0,0,1,1,5672.8,64.8,2839.6,998.717381,1015.47208,847.7,0.002818799,5.5,43.29040584,1436.094388,1174260.436,0.9,38.5,Recon-Host-Discovery
192.168.1.100,192.168.1.1,1780569475,0,58,6,50,0.206677549,0.206677549,0,0,1,0,0,0,0,0,0,1,0,0,0,0,0,0,0,0,0,0,1,0,0,0,0,1,1,319,58,58,58,0,58,0.002989101,5.5,10.77032961,0,0,0,38.5,Recon-Host-Discovery
192.168.1.100,192.168.1.1,1780569475,114.2049145,3052.2,11.5,102.1,2.415602122,2.415602122,0,0,0,0,0,0,0,0,0,0.7,0,3,7.6,0,0,0,0,0,0,0,0,0,0,0,0,1,1,1325.6,54,123,86.03778556,21.71046522,70.4,166848482.5,13.5,13.12545087,30.68382553,471.0324842,1,244.6,Recon-Host-Discovery
192.168.1.100,192.168.1.1,1780569475,28.64344738,7398.8,6,65,18.27158736,18.27158736,0,0,1,0,0,0,0,0,0,0.9,0.7,42.4,68.4,0,0,0,0,0,0,0,1,0,0,0,0,1,1,895.4,54,61.8,57.72528687,1.776801411,58.8,166846841.2,13.5,10.74481561,2.520966417,3.305899432,1,244.6,Recon-Host-Discovery
192.168.1.100,192.168.1.1,1780569475,0.042742157,83.8,6,72.5,61.53587077,61.53587077,0,0,1,0,0,0,0,0,0,0.7,0.8,0,0.8,0,0,0,0,0,0,0,1,0,0,0,0,1,1,313.8,56,58,57.37571429,0.907942934,56.4,0.00194211,5.5,10.71202836,1.284025211,1.66330839,0.5,38.5,Recon-Host-Discovery
192.168.1.100,192.168.1.1,1780569475,2.539614391,101.4,7.1,93.7,10.57962082,10.57962082,0,0,0,0,0,0,0,0,0,0.5,0.6,0,0.6,0,0,0,0,0,0,0,1,0,0,0,0,1,1,4084.4,52,1661,271.1109056,512.4765138,55.6,166846815.2,13.5,23.25928479,726.2029036,265198.0032,1,244.6,Recon-Host-Discovery
192.168.1.100,192.168.1.1,1780569475,0.019897699,77.2,6,114,33.14082443,33.14082443,0,0,0,1,0,1,0,0,0,0.4,1,0,1,0,0,0,0,0,0,0,1,0,0,0,0,1,1,878.6,54,58,56.73606737,1.828943517,55.6,166846701.3,13.5,10.65338056,2.5843865,3.353105924,1,244.6,Recon-Host-Discovery
192.168.1.100,192.168.1.1,1780569475,42.89982162,2231.4,6.9,99.4,0.497182923,0.497182923,0,0,0,0,0,0,0,0,0,0.2,0,1.6,4.5,0,0,0,0,0,0,0,0,0,0,0,0,1,1,1195.9,54,171.5,75.93542636,32.27628393,100.1,166847040.4,13.5,12.31242913,45.8214804,1265.265984,1,244.6,Recon-Host-Discovery
192.168.1.100,192.168.1.1,1780569475,0.094422126,106.2,6,69.3,18.82921999,18.82921999,0,0,1,0,0,0,0,0,0,0.9,1,0,1,0,0,0,0,0,0,0,1,0,0,0,0,1,1,891,54,58,57.46498288,1.353242438,57.6,166847741.1,13.5,10.72033893,1.917672629,1.849829729,1,244.6,Recon-Host-Discovery
192.168.1.100,192.168.1.1,1780569475,170.4028918,10041.9,8.2,114.6,19.15159426,19.15159426,0,0,0,0,0,1,0,0,0,1.2,0.1,35.6,71.1,0,1,0,0,0,0,0,1,0,0,0,0,1,1,2984.1,64.2,2531.4,490.1925794,872.1337234,441.8,0.019202018,5.5,29.79977331,1233.38334,1070343.976,0.9,38.5,Recon-Host-Discovery
192.168.1.100,192.168.1.1,1780569475,30.11672616,1973.7,6,93.9,33.25903772,33.25903772,0,0,0,0,0,1,0,0,0,0.9,0,1,4.2,0,1,0,0,0,0,0,1,0,0,0,0,1,1,1691.6,60,355,109.2321391,82.69125834,98.4,166847693.5,13.5,14.7826261,117.2237841,6883.217658,1,244.6,Recon-Host-Discovery
192.168.1.100,192.168.1.1,1780569475,963.704075,62894,6.4,117.1,0.480383254,0.480383254,0,0,0,0,0,0,0,0,0,0,0,252.2,497,0,0,0,0,0,0,0,0,0,0,0,0,1,1,550.2,70.6,203.9,108.6091667,49.92482529,98.5,0.070480704,5.5,14.66968821,70.60436503,2795.055846,0.9,38.5,Recon-Host-Discovery
192.168.1.100,192.168.1.1,1780569475,0.141656017,161.9,6,134.4,8.868222631,8.868222631,0,0,0,0,0,1,0,0,0,0.9,0.5,0.1,1.1,0,0,0,0,0,0,0,1,0,0,0,0,1,1,706.1,57.6,430.3,120.8514683,131.8493887,111.7,0.020316505,5.5,15.3022393,186.4631936,24614.42691,0.9,38.5,Recon-Host-Discovery
192.168.1.100,192.168.1.1,1780569475,102.7234538,3635.4,12.6,107.9,2.824382708,2.824382708,0,0,0,0,0,0,0,0,0,0,0,14.6,29.1,0,0,0,0,0,0,0,0,1,0,0,0,1,1,543.4,75.2,230,117.7766667,56.39247855,89,0.029129195,5.5,15.13294789,79.75100798,3580.236143,0.9,38.5,Recon-Host-Discovery
192.168.1.100,192.168.1.1,1780569475,0.077178311,83.8,5.4,86.3,15.5309675,15.5309675,0,0,1,0,0,0,0,0,0,0.7,0.8,0,0.8,0,0,0,0,0,0,0,1,0,0,0,0,1,1,315.6,55.2,59,57.49928571,1.289659995,57.4,0.001027799,5.5,10.72368419,1.823854655,2.392344104,0.7,38.5,Recon-Host-Discovery
192.168.1.100,192.168.1.1,1780569475,7.911526728,627.7,10.4,65.2,9.862111428,9.862111428,0,0,0,0,0,0,0,0,0,0.1,0.2,1.7,3.5,0,0,0,0,0,0,0,1,0,0,0,0,1,1,1746,46.8,558.5,110.0325617,121.2809413,142.2,166846625.8,13.5,14.79070792,172.137744,19473.8282,1,244.6,Recon-Host-Discovery
192.168.1.100,192.168.1.1,1780569475,317.6482564,30757,11.5,144.6,0.802230335,0.802230335,0,0,0,0,0,0,0,0,0,0,0,138.8,240,0,0,0,0,0,0,0,0,0,0,0,0,1,1,731.2,66,201.9,124.4696429,53.42130617,138.8,0.05830462,5.5,15.68500756,75.54913571,3323.46086,0.9,38.5,Recon-Host-Discovery
192.168.1.100,192.168.1.1,1780569475,0.065192127,89.2,6,90.9,18.05493409,18.05493409,0,0,1,0,0,0,0,0,0,0.7,0.9,0,0.9,0,0,0,0,0,0,0,1,0,0,0,0,1,1,310.2,54,57.2,55.92238095,1.51929838,56.8,0.000844812,5.5,10.57519638,2.148612374,2.888197279,0.8,38.5,Recon-Host-Discovery
192.168.1.100,192.168.1.1,1780569475,0.057584143,83.8,6,56,17.27136623,17.27136623,0,0,1,0,0,0,0,0,0,0.7,0.8,0,0.8,0,0,0,0,0,0,0,1,0,0,0,0,1,1,875.4,54,62,56.46737807,2.427941974,56.8,166847754.4,13.5,10.62825796,3.432632636,5.900916541,1,244.6,Recon-Host-Discovery
192.168.1.100,192.168.1.1,1780569475,54.11608975,1926.2,9.3,156.6,12.15315248,12.15315248,0,0,0,0,0,0,0,0,0,0.3,0.7,0,0.7,0,0,0,0,0,0,0,1,0,0,0,0,1,1,1092.8,54,238.6,70.26624633,45.93944661,95.8,166846798.9,13.5,11.77998045,63.35778427,2170.948047,1,244.6,Recon-Host-Discovery
192.168.1.100,192.168.1.1,1780569475,0.068038702,89.6,6,70.2,17.57871869,17.57871869,0,0,1,0,0,0,0,0,0,0.8,0.8,0,0.8,0,0,0,0,0,0,0,1,0,0,0,0,1,1,865.8,54,58,55.79887888,1.95695002,57.2,166846791.4,13.5,10.5649249,2.767153239,3.833129688,1,244.6,Recon-Host-Discovery
192.168.1.100,192.168.1.1,1780569475,0.024571395,75.2,9.3,55.5,26.53484956,26.53484956,0,0,0,0,0,0,0,0,0,0.5,0.6,0,0.6,0,0,0,0,0,0,0,1,0,0,0,0,1,1,305.8,52,58,56.11349206,2.52253347,53.6,0.000834203,5.5,10.59308444,3.567401045,8.691999748,0.9,38.5,Recon-Host-Discovery
192.168.1.100,192.168.1.1,1780569475,78.49199851,4592,3,49.2,0.40615075,0.40615075,0,0,0,0,0,0,0,0,0,0,0,21.4,40.8,0,0,0,0,0,0,0,0,0,0,0,0,0,0,1455,54,230,94.5436482,44.96131765,77.8,166847045.3,13.5,13.7572132,63.69229498,2030.529115,1,244.6,Recon-Host-Discovery
192.168.1.100,192.168.1.1,1780569475,152.3581501,5822.7,14.8,84.4,187.7438098,187.7438098,0,0,0,0,0,0,0,0,0,0,0,8.7,12.9,0,0,0,0,0,0,0,0,1,0,0,0,1,1,552.4,43.9,186.1,81.6081746,50.07474916,132.7,0.02078259,5.5,12.4142059,70.8163894,5081.121321,0.7,38.5,Recon-Host-Discovery
192.168.1.100,192.168.1.1,1780569475,102.5519909,17498.1,7.1,83.1,28.99592121,28.99592121,0,0,0,0,0,1,0,0,0,1.6,0,82.9,139.9,0,1,0,0,0,0,0,1,0,0,0,0,1,1,439.8,66,111.7,74.68376984,14.9642336,98.8,0.010397196,5.5,12.18686198,21.16262211,589.6491515,0.5,38.5,Recon-Host-Discovery
192.168.1.100,192.168.1.1,1780569475,205.0847698,5313.7,7.5,85.5,7.042531884,7.042531884,0,0,0,0,0,0,0,0,0,0.1,0,10.3,18.3,0,0,0,0,0,0,0,0,0,0,0,0,1,1,573,58.4,213,104.1313889,67.52155683,97.6,0.050002098,5.5,14.35810595,95.48990141,5097.237719,0.9,38.5,Recon-Host-Discovery
192.168.1.100,192.168.1.1,1780569475,52.08059061,2487.2,7.1,74.7,39.50429229,39.50429229,0,0,0,0,0,0,0,0,0,0.5,0.8,0,0.8,0,0,0,0,0,0,0,1,0,0,0,0,1,1,1039,54,212.8,66.98884919,38.22379405,73.6,166846676.2,13.5,11.57519395,54.182359,1624.860121,1,244.6,Recon-Host-Discovery
192.168.1.100,192.168.1.1,1780569475,28.06096511,1394.4,7.1,114.3,20.3830049,20.3830049,0,0,1,0,0,0,0,0,0,0.6,0.9,0,0.9,0,0,0,0,0,0,0,1,0,0,0,0,1,1,344.6,54,91.6,59.55349206,11.80614432,74,0.003204799,5.5,10.8924136,16.69640941,570.5561479,0.8,38.5,Recon-Host-Discovery
192.168.1.100,192.168.1.1,1780569475,247.7454425,29854.2,12,72.1,1.560310704,1.560310704,0,0,0,0,0,0,0,0,0,0.2,0,135.1,236.1,0,0,0,0,0,0,0,0,1,0,0,0,1,1,535,66.6,151.8,94.3,27.11370355,104.3,0.012864518,5.5,13.72069335,38.34456729,1203.783111,0.7,38.5,Recon-Host-Discovery
192.168.1.100,192.168.1.1,1780569475,0.077080512,95,6,67.1,18.59419368,18.59419368,0,0,1,0,0,0,0,0,0,0.8,0.9,0,0.9,0,0,0,0,0,0,0,1,0,0,0,0,1,1,865.4,54,58,55.77312724,1.95718591,57.2,166846814.1,13.5,10.56060385,2.768904604,3.83806796,1,244.6,Recon-Host-Discovery
192.168.1.100,192.168.1.1,1780569475,0.043399096,83.8,6,74.1,11.59897774,11.59897774,0,0,1,0,0,0,0,0,0,0.7,0.8,0,0.8,0,0,0,0,0,0,0,1,0,0,0,0,1,1,309,54,57.2,55.71857143,1.547983655,56.8,0.000533795,5.5,10.5559841,2.189179479,2.997947846,0.8,38.5,Recon-Host-Discovery
192.168.1.100,192.168.1.1,1780569475,606.1062537,14901.3,11.5,169.7,0.151735178,0.151735178,0,0,0,0,0,0,0,0,0,0.1,0,27,45,0,0,0,0,0,0,0,0,0,0,0,0,1,1,1902.3,61.2,247.5,122.5971537,61.87513857,143.7,166847259.9,13.5,15.66349705,87.71258619,3860.691016,1,244.6,Recon-Host-Discovery
192.168.1.100,192.168.1.1,1780569475,541.732104,46560.7,7.1,131.4,1.552299447,1.552299447,0,0,0,0,0,1,0,0,0,0.6,0,152.4,306.2,0,0,0,0,0,0,0,1,0,0,0,0,1,1,575.1,54,188.3,99.23674603,47.70258173,112.6,0.052277803,5.5,14.01431768,67.46163804,2659.783011,0.9,38.5,Recon-Host-Discovery
192.168.1.100,192.168.1.1,1780569475,0.02255559,66.8,6,95.3,17.7541432,17.7541432,0,0,0,0,0,0,0,0,0,0.5,0.7,0,0.7,0,0,0,0,0,0,0,1,0,0,0,0,1,1,865,54,58,55.80450405,1.98044905,56,166846834.7,13.5,10.56529816,2.802944496,3.928725228,1,244.6,Recon-Host-Discovery
192.168.1.100,192.168.1.1,1780569475,125.2204495,2936.4,9.8,89.6,1.516809258,1.516809258,0,0,0,0,0,0,0,0,0.1,0.4,0,8.4,15.7,0,0,0,0,0,0,0,0,0,0,0,0,1,1,438.3,70.8,91.5,82.51845238,8.662021241,74.1,0.0200454,5.5,12.83925187,12.24994792,108.2099522,0.7,38.5,Recon-Host-Discovery
192.168.1.100,192.168.1.1,1780569475,513.3885134,100461.1,7.6,117.4,23.15696484,23.15696484,0,0,0,0,0,1,0,0,0.5,0.7,0,496.2,814.2,0,1,0,0,0,0,0,1,0,0,0,0,1,1,557,63.5,171.9,97.66730159,39.63621685,107.6,0.017690206,5.5,13.95688464,56.05407542,1968.141906,0.9,38.5,Recon-Host-Discovery
192.168.1.100,192.168.1.1,1780569475,289.615031,31211.3,8.6,155.3,2.356798795,2.356798795,0,0,0,0,0,0,0,0,0,0,0,138.9,230.2,0,0,0,0,0,0,0,0,0,0,0,0,1,1,1760.2,60,240.8,112.753985,55.26819535,126.2,166847705.5,13.5,15.03042698,78.23830461,3120.303539,1,244.6,Recon-Host-Discovery
192.168.1.100,192.168.1.1,1780569475,0.005769706,60.6,6,118.2,34.92654688,34.92654688,0,0,0,1,0,1,0,0,0,0.3,0.8,0,0.9,0,0,0,0,0,0,0,1,0,0,0,0,1,1,303.8,54,57.6,55.19428571,1.672059374,55.2,0.001590204,5.5,10.50649368,2.364649044,3.113197279,0.9,38.5,Recon-Host-Discovery
192.168.1.100,192.168.1.1,1780569475,1.216764426,2286.6,10.4,103.5,15.20731895,15.20731895,0,0,0,0,0,0,0,0,0.4,0.8,0,1.4,4.2,0,0,0,0,0,0,0,1,0,0,0,0,1,1,1977.8,214.5,1597,526.4369048,526.8023675,237.5,0.008640814,5.5,30.78942368,745.0110528,317747.199,0.9,38.5,Recon-Host-Discovery
192.168.1.100,192.168.1.1,1780569475,504.7224682,68928.2,11.5,131.8,93.1093289,93.1093289,0,0,0,0,0,0,0,0,0,0,0,348,583.5,0,0,0,0,0,0,0,0,0,0,0,0,1,1,1840.9,54,230,118.1975358,65.23733311,119.7,166847507.3,13.5,15.38035229,92.45167699,4282.215505,1,244.6,Recon-Host-Discovery
192.168.1.100,192.168.1.1,1780569475,588.9828692,8652,15.4,67.4,77.41400691,77.41400691,0,0,0,0,0,0,0,0,0,0,0,0,0,0,0,0,0,0,0,0,0,1,0,0,0,1,1,786.6,97.5,206,147.3182937,35.50824301,124.3,0.009099603,5.5,17.14945575,50.21623884,1841.648624,0.7,38.5,Recon-Host-Discovery
192.168.1.100,192.168.1.1,1780569475,17.24720731,699.4,6.5,43.3,19.38372789,19.38372789,0,0,1,0,0,0,0,0,0,0.6,0.6,0,0.6,0,0,0,0,0,0,0,1,0,0,0,0,1,1,926.8,54,96.4,59.38005821,9.351499265,73.4,166846798,13.5,10.89728295,13.34725834,264.1121861,1,244.6,Recon-Host-Discovery
192.168.1.100,192.168.1.1,1780569475,441.7345996,161817.1,7.1,123.9,45.59959733,45.59959733,0,0,0,0,0,1,0,0,0,1.4,0,499.4,843.7,0,1,0,0,0,0,0,1,0,0,0,0,1,1,9986.6,60,5244,635.3941789,1446.176106,743.7,166847175.6,13.5,35.62284895,2049.839349,2119045.875,1,244.6,Recon-Host-Discovery
192.168.1.100,192.168.1.1,1780569475,296.5181085,86407.2,6.5,113.2,22.32811065,22.32811065,0,0,0,0,0,1,0,0,0,0.9,0,475.9,769.6,0,1,0,0,0,0,0,1,0,0,0,0,1,1,2052.6,58.8,393.6,132.4948974,88.75639301,119.3,166847290,13.5,16.29556336,125.7471476,8088.012574,1,244.6,Recon-Host-Discovery
192.168.1.100,192.168.1.1,1780569475,155.758286,12551.6,7.5,99.7,1.885869887,1.885869887,0,0,0,0,0,0,0,0,0,0.1,0.1,37.2,74.4,0,0,0,0,0,0,0,0,0,0,0,0,1,1,683.6,57.6,208.2,119.6510317,65.61520315,117.2,0.051124382,5.5,15.38781041,92.79391019,4790.277693,0.9,38.5,Recon-Host-Discovery
192.168.1.100,192.168.1.1,1780569475,708.5066607,65098.9,11.5,142.4,0.636082015,0.636082015,0,0,0,0,0,0,0,0,0,0.1,0,290.1,474.6,0,0,0,0,0,0,0,0,0,0,0,0,1,1,724.5,56.8,212.8,127.1551587,68.29896322,124.7,0.057115221,5.5,15.84865537,96.58932008,5203.239353,0.9,38.5,Recon-Host-Discovery
192.168.1.100,192.168.1.1,1780569475,2.075636363,433.1,7.1,129.5,7.7602537,7.7602537,0,0,0,0,0,1,0,0,0,0.4,0.2,1.8,3.6,0,0,0,0,0,0,0,1,0,0,0,0,1,1,1061.7,54,148.8,67.63949446,25.41251782,98.3,166846696.6,13.5,11.55675844,33.66463883,628.9686436,1,244.6,Recon-Host-Discovery
192.168.1.100,192.168.1.1,1780569475,0.064496946,83.4,6,152.4,15.86053662,15.86053662,0,0,0,0,0,0,0,0,0,0.6,0.9,0,0.9,0,0,0,0,0,0,0,1,0,0,0,0,1,1,309.4,54,57.6,56.10746032,1.748085498,56,0.001072598,5.5,10.59290429,2.472166219,3.401454019,0.9,38.5,Recon-Host-Discovery
192.168.1.100,192.168.1.1,1780569475,889.2968336,103144.8,9.2,117.6,1.095455653,1.095455653,0,0,0,0,0,0,0,0,0,0.1,0,491.6,832.3,0,0,0,0,0,0,0,0,0,0,0,0,1,1,1970.7,56.5,357,127.7876995,104.5842369,96.5,166848153.7,13.5,16.00921469,148.0160707,10980.50716,1,244.6,Recon-Host-Discovery
192.168.1.100,192.168.1.1,1780569475,111.0256792,2700.6,7.1,140.1,17.40633697,17.40633697,0,0,0,0,0,1,0,0,0,1,0,1.3,16.3,0,0,0,0,0,0,0,1,0,0,0,0,1,1,4714.8,54,3164.2,301.4163793,753.5186185,496,166847858.2,13.5,24.29543101,1068.318304,628942.9602,1,244.6,Recon-Host-Discovery
192.168.1.100,192.168.1.1,1780569475,33.24886119,5329.7,7.1,69.9,50.80425602,50.80425602,0,0,1,0,0,0,0,0,0,0.6,0.8,25.4,42.4,0,0,0,0,0,0,0,1,0,0,0,0,1,1,941.4,54,111.2,60.53433241,13.36560473,75.2,166846712.2,13.5,10.9252279,14.82684451,110.6457444,1,244.6,Recon-Host-Discovery
192.168.1.100,192.168.1.1,1780569475,56.19255581,1392.2,6,115.7,7.345773928,7.345773928,0,0,0,1,0,1,0,0,0,0.3,0.8,5.2,15.6,0,0,0,0,0,0,0,1,0,0,0,0,1,1,313.8,55.6,66,58.41079365,3.866322541,56.4,0.001341701,5.5,10.80477038,5.467805774,16.78943815,0.9,38.5,Recon-Host-Discovery
192.168.1.100,192.168.1.1,1780569475,0.056133771,88.8,6,108.6,82.39761558,82.39761558,0,0,1,0,0,0,0,0,0,0.6,1,0,1,0,0,0,0,0,0,0,1,0,0,0,0,1,1,874.2,54,58,56.38920497,1.956966321,56.4,166846807.6,13.5,10.61901766,2.770626854,3.838745198,1,244.6,Recon-Host-Discovery
192.168.1.100,192.168.1.1,1780569475,162.5638785,11028.8,13.7,138.2,0.485111455,0.485111455,0,0,0,0,0,0,0,0,0,0.6,0,5.2,21,0,0,0,0,0,0,0,0,1,0,0,0,1,1,1943.2,55.8,298.4,124.6805028,69.95953729,134.5,166847471,13.5,15.80950148,98.93844432,5000.296159,1,244.6,Recon-Host-Discovery
192.168.1.100,192.168.1.1,1780569475,0.014832115,66,6,115.4,91.37338671,91.37338671,0,0,0,1,0,1,0,0,0,0.3,0.9,0,0.9,0,0,0,0,0,0,0,1,0,0,0,0,1,1,851.4,54,58,54.92685317,1.678360999,55.2,166846818.8,13.5,10.47969862,2.363429356,2.800084572,1,244.6,Recon-Host-Discovery
192.168.1.100,192.168.1.1,1780569475,1186.488091,63387.4,6,149.2,0.383720548,0.383720548,0,0,0,0,1,1,0,0,0,0,0,238.2,455.9,0,1,0,0,0,0,0,1,0,0,0,0,1,1,1419,54,175,91.82336085,35.98668567,84.5,166847541.9,13.5,13.5422604,50.96678543,1300.267538,1,244.6,Recon-Host-Discovery
192.168.1.100,192.168.1.1,1780569475,27.62285903,318,7.1,52.4,17.83549407,17.83549407,0,0,1,0,0,0,0,0,0,0.6,0.8,0,0.8,0,0,0,0,0,0,0,1,0,0,0,0,1,1,311.8,53.2,58,57.06460317,1.718774413,56,0.00137198,5.5,10.68286894,2.430714086,4.942179642,0.6,38.5,Recon-Host-Discovery
192.168.1.100,192.168.1.1,1780569475,349.8582757,7900.9,6.4,100.9,0.169770282,0.169770282,0,0,0,0,0,0,0,0,0,0,0,21.6,39.2,0,0,0,0,0,0,0,0,0,0,0,0,1,1,487.2,54,171.5,81.80111111,42.74260281,95.2,0.030844784,5.5,12.71116409,60.44716858,2516.440488,0.8,38.5,Recon-Host-Discovery
192.168.1.100,192.168.1.1,1780569475,408.9053713,35882.5,10.9,138.2,22.16262448,22.16262448,0,0,0,0,0,0,0,0,0,0.4,0,139.8,244.7,0,0,0,0,0,0,0,0,0,0,0,0,1,1,694.6,60.6,228.1,111.3715476,58.34367032,137,0.034170318,5.5,14.76261962,82.51040985,4787.226567,0.9,38.5,Recon-Host-Discovery
192.168.1.100,192.168.1.1,1780569475,0.086407232,458.8,5.4,103,27.44380736,27.44380736,0,0,1,0,0,0,0,0,0,0.9,0.7,1,2.7,0,0,0,0,0,0,0,1,0,0,0,0,1,1,919.6,54,90.6,59.11201735,8.376709541,62.7,166846810.8,13.5,10.87305361,11.88904818,98.65224166,1,244.6,Recon-Host-Discovery
192.168.1.100,192.168.1.1,1780569475,0.0140172,72.6,6,73.1,27.62518069,27.62518069,0,0,1,0,0,0,0,0,0,0.6,0.7,0,0.7,0,0,0,0,0,0,0,1,0,0,0,0,1,1,1136.4,54,214,73.92265478,41.03599443,56.4,166846695.1,13.5,12.1612999,58.15301175,1700.451964,1,244.6,Recon-Host-Discovery
192.168.1.100,192.168.1.1,1780569475,24.49735603,1089.6,7.1,70.5,26.56690856,26.56690856,0,0,1,0,0,0,0,0,0,0.7,0.8,0,0.8,0,0,0,0,0,0,0,1,0,0,0,0,1,1,330.2,55.6,73.6,58.96349206,5.578074282,72.8,0.002016497,5.5,10.85176555,7.888588301,223.2906294,0.6,38.5,Recon-Host-Discovery
192.168.1.100,192.168.1.1,1780569475,0.140626526,108538.5,6,244,570.0063128,570.0063128,0,0,0,0,1,1,0,0,0,0,0,35.9,81.6,0,1,0,0,0,0,0,1,0,0,0,0,1,1,9930.6,1494,2779.2,1813.883333,532.8922604,1922.4,0.000190997,5.5,60.15500896,753.6234619,320819.6386,0.9,38.5,Recon-Host-Discovery
192.168.1.100,192.168.1.1,1780569475,0.038426089,83.8,6,92.3,26.00511039,26.00511039,0,0,1,0,0,0,0,0,0,0.7,0.8,0,0.8,0,0,0,0,0,0,0,1,0,0,0,0,1,1,313.8,55.2,58,57.28571429,1.208047777,56.8,0.002064514,5.5,10.70370243,1.70843755,2.09630839,0.7,38.5,Recon-Host-Discovery
192.168.1.100,192.168.1.1,1780569475,160.7845391,14630.8,10.4,135.7,2.425520681,2.425520681,0,0,0,0,0,0,0,0,0,0.1,0.2,57.5,100.3,0,0,0,0,0,0,0,1,0,0,0,0,1,1,1720.9,54,276,109.4425352,70.06726067,164.2,166846870.5,13.5,14.80201129,99.27544799,5161.286116,1,244.6,Recon-Host-Discovery
192.168.1.100,192.168.1.1,1780569475,475.8410954,4060.8,15.9,59.1,91.85213858,91.85213858,0,0,0,0,0,0,0,0,0,0.3,0,0,0,0,0,0,0,0,0,0,0,1,0,0,0,1,1,453.8,46,118.8,74.43571429,33.75008292,82.4,0.01902771,5.5,12.08200845,47.729825,1632.170483,0.7,38.5,Recon-Host-Discovery
192.168.1.100,192.168.1.1,1780569475,0.052721095,106.2,6,49.2,34.17093813,34.17093813,0,0,1,0,0,0,0,0,0,0.9,1,0,1,0,0,0,0,0,0,0,1,0,0,0,0,1,1,315.8,54.8,58,57.4284127,1.188804368,57.6,0.002545214,5.5,10.7170655,1.68122326,1.806720836,0.8,38.5,Recon-Host-Discovery
192.168.1.100,192.168.1.1,1780569475,0.979102111,213,5.9,82.1,10.97497678,10.97497678,0,0,0,0,0,0,0,0,0,0.4,0.4,0.8,1.6,0,0,0,0,0,0,0,1,0,0,0,0,1,1,460.5,54.8,178.4,79.0290873,44.13993469,82.3,0.001949811,5.5,12.5126651,62.42329428,2791.392381,0.8,38.5,Recon-Host-Discovery
192.168.1.100,192.168.1.1,1780569475,0.051842165,77.6,6,74,15.45278158,15.45278158,0,0,0,0,0,0,0,0,0,0.5,0.9,0,0.9,0,0,0,0,0,0,0,1,0,0,0,0,1,1,866.6,54,58,55.91995063,1.994703731,56,166847744.2,13.5,10.57443725,2.820545049,3.977761152,1,244.6,Recon-Host-Discovery
192.168.1.100,192.168.1.1,1780569475,0.040296602,83,6,132.8,24.40175083,24.40175083,0,0,0,0,0,0,0,0,0,0.5,1,0,1,0,0,0,0,0,0,0,1,0,0,0,0,1,1,303,54,56,54.70873016,0.922183544,56,0.001057887,5.5,10.46001282,1.304164475,1.718814563,0.5,38.5,Recon-Host-Discovery
192.168.1.100,192.168.1.1,1780569475,16.97542088,474.1,7,57.3,15.43227232,15.43227232,0,0,0,0,0,0,0,0,0,0.4,0.5,0,0.5,0,0,0,0,0,0,0,1,0,0,0,0,1,1,389.8,49.4,137,67.55615079,27.34082162,71.7,0.000924492,5.5,11.59702777,38.66576074,1417.185272,0.8,38.5,Recon-Host-Discovery
192.168.1.100,192.168.1.1,1780569475,1.285194087,144039.5,6,118.6,125.5720369,125.5720369,0,0,0,0,0,1,0,0,0,2,0,50.3,160.4,0,1,0,0,0,0,0,1,0,0,0,0,1,1,6455.7,727.1,2922,1555.440913,872.2753263,727.1,8.72E-05,5.5,54.17232756,1233.583597,927592.2972,0.9,38.5,Recon-Host-Discovery
192.168.1.100,192.168.1.1,1780569475,0.037131214,84.2,6,90.7,80.65940144,80.65940144,0,0,1,0,0,0,0,0,0,0.8,0.7,0,0.7,0,0,0,0,0,0,0,1,0,0,0,0,1,1,315.4,56.4,58,57.58952381,0.685040759,56.8,0.002314186,5.5,10.73203414,0.968793933,1.187473923,0.4,38.5,Recon-Host-Discovery
192.168.1.100,192.168.1.1,1780569475,22.97639496,23319.6,7.1,63.6,56.0769799,56.0769799,0,0,0,0,0,1,0,0,0,1.8,0,13.1,26.4,0,1,0,0,0,0,0,1,0,0,0,0,1,1,2047.8,66,649.1,128.8727882,141.1011957,195.4,166848197.7,13.5,16.01015873,200.3060205,25342.62044,1,244.6,Recon-Host-Discovery
192.168.1.100,192.168.1.1,1780569475,0.047462201,78,6,92.5,21.18657706,21.18657706,0,0,1,0,0,0,0,0,0,0.6,0.8,0,0.8,0,0,0,0,0,0,0,1,0,0,0,0,1,1,312.2,54.8,58,57.01793651,1.439909613,56.4,0.001082802,5.5,10.67861491,2.036339703,2.614370118,0.8,38.5,Recon-Host-Discovery
192.168.1.100,192.168.1.1,1780569475,0.027092314,78,6,72.2,35.79708721,35.79708721,0,0,1,0,0,0,0,0,0,0.6,0.8,0,0.8,0,0,0,0,0,0,0,1,0,0,0,0,1,1,311.4,54.8,58,56.85857143,1.522406696,56.4,0.002142501,5.5,10.66367594,2.153008196,2.901503401,0.8,38.5,Recon-Host-Discovery
192.168.1.100,192.168.1.1,1780569475,29.13621631,1046.4,12.7,82.9,0.292410795,0.292410795,0,0,0,0,0,0,0,0,0,0.2,0,0,0,0,0,0,0,0,0,0,0,1,0,0,0,1,1,1329.2,43,319.7,85.72511134,63.60175809,95.5,166846654.5,13.5,13.08711233,90.17248864,4331.961041,1,244.6,Recon-Host-Discovery
192.168.1.100,192.168.1.1,1780569475,178.2546442,39595.4,8.7,117.1,3.607567891,3.607567891,0,0,0,0,0,0,0,0,0,0.7,0,212.2,343.8,0,0,0,0,0,0,0,1,0,0,0,0,1,1,478.2,59.6,136.9,81.29210317,27.53126522,100.9,0.083025098,5.5,12.71369275,38.93508866,1055.708777,0.9,38.5,Recon-Host-Discovery
192.168.1.100,192.168.1.1,1780569475,15.09538362,223.4,7.1,108.5,23.33849178,23.33849178,0,0,1,0,0,0,0,0,0,0.6,0.9,0,0.9,0,0,0,0,0,0,0,1,0,0,0,0,1,1,302.2,50,56.8,54.10873016,2.437929282,56,0.001191592,5.5,10.40135575,3.447752655,6.691512976,0.9,38.5,Recon-Host-Discovery
192.168.1.100,192.168.1.1,1780569475,15.17784653,820.7,7.1,73.9,18.20197286,18.20197286,0,0,1,0,0,0,0,0,0,0.7,0.7,0,0.7,0,0,0,0,0,0,0,1,0,0,0,0,1,1,324.6,55.6,66.4,58.93650794,3.290983035,58.4,0.00198319,5.5,10.85663042,4.654152842,15.63075636,0.7,38.5,Recon-Host-Discovery
192.168.1.100,192.168.1.1,1780569475,545.6161856,91004.5,6.5,110.4,2.395946544,2.395946544,0,0,0,0,0,1,0,0,0.2,0.4,0,438.5,785.6,0,1,0,0,0,0,0,1,0,0,0,0,1,1,719.1,90.1,284,152.455,70.28424161,122.8,0.019727492,5.5,17.25525141,99.39692771,5545.985147,0.9,38.5,Recon-Host-Discovery
192.168.1.100,192.168.1.1,1780569475,0.072749448,94.6,6,73.5,42.59016537,42.59016537,0,0,1,0,0,0,0,0,0,0.7,1,0,1,0,0,0,0,0,0,0,1,0,0,0,0,1,1,876.2,54,60,56.50100924,2.303225945,56.8,166846787.4,13.5,10.6296319,3.262513034,5.331340072,1,244.6,Recon-Host-Discovery
192.168.1.100,192.168.1.1,1780569475,164.3525929,22027.6,8.8,103.6,4.553246564,4.553246564,0,0,0,0,0,0,0,0,0,0.3,0.2,106.7,184.2,0,0,0,0,0,0,0,1,0,0,0,0,1,1,546.7,59.6,167.9,94.33789683,37.101533,103.9,0.035543895,5.5,13.68769461,52.46949116,1850.521006,0.9,38.5,Recon-Host-Discovery
192.168.1.100,192.168.1.1,1780569475,0.011419106,61.4,6,95.1,17.49823227,17.49823227,0,0,0,0,0,0,0,0,0,0.5,0.6,0,0.6,0,0,0,0,0,0,0,1,0,0,0,0,1,1,863,54,58,55.66047882,1.960195726,56,166846853,13.5,10.54986215,2.77174336,3.842572737,1,244.6,Recon-Host-Discovery
192.168.1.100,192.168.1.1,1780569475,240.9200769,35852.4,4.2,74.3,1.565293175,1.565293175,0,0,0,0,0,0,0,0,0,0,0,182.1,307.4,0,0,0,0,0,0,0,0,0,0,0,0,1,1,440.9,60,127.4,78.55801587,25.8198821,93.6,0.015682602,5.5,12.51344585,36.51482745,801.8639606,0.9,38.5,Recon-Host-Discovery
192.168.1.100,192.168.1.1,1780569475,0.038398218,77.2,6,97.7,21.92369646,21.92369646,0,0,0,1,0,1,0,0,0,0.4,1,0,1,0,0,0,0,0,0,0,1,0,0,0,0,1,1,864.6,54,58,55.80755195,1.981876415,55.6,166846798.4,13.5,10.56558847,2.804963095,3.934145141,1,244.6,Recon-Host-Discovery
192.168.1.100,192.168.1.1,1780569475,555.9673372,25411.4,8.1,125.4,0.620126593,0.620126593,0,0,0,0,0,0,0,0,0,0.2,0,78.2,146.9,0,0,0,0,0,0,0,0,0,0,0,0,1,1,1588.3,55.6,232.9,102.158952,67.8228159,131.2,166847400.2,13.5,14.26898311,95.99198223,4620.537709,1,244.6,Recon-Host-Discovery
192.168.1.100,192.168.1.1,1780569475,531.8857036,38892.4,10.4,145.9,0.54672877,0.54672877,0,0,0,0,0,0,0,0,0,0.3,0,114.6,217.2,0,0,0,0,0,0,0,1,0,0,0,0,1,1,1098.6,115.2,338.5,207.3115079,70.6319868,182.8,0.061464405,5.5,20.34096251,99.88871367,6480.202554,0.9,38.5,Recon-Host-Discovery
192.168.1.100,192.168.1.1,1780569475,103.3347762,3477.2,10.3,81.2,0.166264786,0.166264786,0,0,0,0,0,0,0,0,0,0.1,0,1.4,5.7,0,0,0,0,0,0,0,0,0,0,0,0,1,1,2692.4,54,348,174.3483392,112.1866829,177.2,166847437.9,13.5,18.69383349,158.7176859,12604.70767,1,244.6,Recon-Host-Discovery
192.168.1.100,192.168.1.1,1780569475,44.40759213,4119.1,8.7,91.4,51.02339109,51.02339109,0,0,0,0,0,0,0,0,0,0.5,0,2.4,9.5,0,0,0,0,0,0,0,0,0,0,0,0,1,1,1574.7,54,230,101.2793432,60.69493647,99.2,166847228.2,13.5,14.2340639,86.04533633,3709.678052,1,244.6,Recon-Host-Discovery
192.168.1.100,192.168.1.1,1780569475,52.4498059,21138.8,4.8,78.8,33.78969276,33.78969276,0,0,0,0,0,0,0,0,0,0.7,0.4,33.8,69.9,0,0,0,0,0,0,0,1,0,0,0,0,1,1,781.3,54.4,493.2,139.5604365,160.4219724,117.5,0.002607393,5.5,16.35406756,226.870929,32839.16127,0.9,38.5,Recon-Host-Discovery
192.168.1.100,192.168.1.1,1780569475,0.02486918,71.4,6,115.5,43.94878578,43.94878578,0,0,0,1,0,1,0,0,0,0.3,1,0,1,0,0,0,0,0,0,0,1,0,0,0,0,1,1,883.8,54,58,57.10404213,1.565039323,55.2,166847745.9,13.5,10.68791796,2.209044999,2.552315286,1,244.6,Recon-Host-Discovery
192.168.1.100,192.168.1.1,1780569475,0.268409514,3333.9,6,148.2,31.10093749,31.10093749,0,0,0,0,0,1,0,0,0.4,1.2,0.6,3.7,10,0,0,0,0,0,0,0,1,0,0,0,0,1,1,917.6,54,76.2,58.97082215,5.964416641,65.5,166847736.1,13.5,10.86284501,8.467225392,50.68753463,1,244.6,Recon-Host-Discovery
192.168.1.100,192.168.1.1,1780569475,150.8365388,6218.1,13.1,88.1,1.57896729,1.57896729,0,0,0,0,0,0,0,0,1.1,0.4,0,1.6,7.5,0,0,0,0,0,0,0,0,1,0,0,0,1,1,553.6,82,214,118.2244444,47.38662039,83.8,0.0356498,5.5,15.2056432,67.01480122,2515.62831,0.9,38.5,Recon-Host-Discovery
192.168.1.100,192.168.1.1,1780569475,0.0702003,100.8,6,68.9,22.79633747,22.79633747,0,0,1,0,0,0,0,0,0,0.9,0.9,0,0.9,0,0,0,0,0,0,0,1,0,0,0,0,1,1,890.6,54,66,57.44498288,2.874132138,57.6,166846788,13.5,10.72033893,4.056974978,8.295298358,1,244.6,Recon-Host-Discovery
192.168.1.100,192.168.1.1,1780569475,0.009734607,60.2,6,173.6,20.72192461,20.72192461,0,0,0,1,0,1,0,0,0,0.2,0.9,0,0.9,0,0,0,0,0,0,0,1,0,0,0,0,1,1,299,54,55.2,54.21888889,0.458583449,54.8,0.000919414,5.5,10.41329314,0.648534934,0.70754321,0.3,38.5,Recon-Host-Discovery
192.168.1.100,192.168.1.1,1780569475,0.036563706,85,6,49.4,27.57951029,27.57951029,0,0,1,0,0,0,0,0,0,1,0.5,0,0.5,0,0,0,0,0,0,0,1,0,0,0,0,1,1,319,58,58,58,0,58,0.004244804,5.5,10.77032961,0,0,0,38.5,Recon-Host-Discovery
192.168.1.100,192.168.1.1,1780569475,261.7539715,12708,7,104.1,0.197864937,0.197864937,0,0,0,0,0,0,0,0,0,0.2,0,16.9,34,0,0,0,0,0,0,0,1,0,0,0,0,1,1,1813.1,54,230,117.6451247,65.61286316,93.4,166847852.3,13.5,15.35259383,92.88787348,4319.755539,1,244.6,Recon-Host-Discovery
192.168.1.100,192.168.1.1,1780569475,0.036985397,88.8,6,54.6,38.29091763,38.29091763,0,0,1,0,0,0,0,0,0,0.6,1,0,1,0,0,0,0,0,0,0,1,0,0,0,0,1,1,895,56.4,58,57.78886825,0.525682429,56.4,166846691,13.5,10.75224801,0.723425872,0.672090771,0.4,244.6,Recon-Host-Discovery
192.168.1.100,192.168.1.1,1780569475,0.068734741,97.8,7.1,114,19.6358896,19.6358896,0,0,0,0,0,0,0,0,0,0.6,0.7,0,0.7,0,0,0,0,0,0,0,1,0,0,0,0,1,1,309.4,55.2,58,56.70634921,1.361833701,55.6,0.000630403,5.5,10.64919078,1.92592369,2.654898463,0.7,38.5,Recon-Host-Discovery
192.168.1.100,192.168.1.1,1780569475,0.04655838,90,6,70.4,20.20357564,20.20357564,0,0,1,0,0,0,0,0,0,0.9,0.7,0,0.7,0,0,0,0,0,0,0,1,0,0,0,0,1,1,854.2,54,58,55.03049461,1.664913927,56.8,166846555.5,13.5,10.48971292,2.350289019,2.854316112,1,244.6,Recon-Host-Discovery
192.168.1.100,192.168.1.1,1780569475,269.7942675,299549.6,5.5,117.7,1.236265932,1.236265932,0,0,0,0,0,1,0,0,0,0,0,89.9,339.9,0,1,0,0,0,0,0,1,0,0,0,0,1,1,3969,66,1369.2,690.388254,635.9042476,753.2,0.008812523,5.5,36.14041118,899.3044113,449489.886,0.9,38.5,Recon-Host-Discovery
192.168.1.100,192.168.1.1,1780569475,0.038439107,78,6,53.6,21.38464695,21.38464695,0,0,1,0,0,0,0,0,0,0.6,0.8,0,0.8,0,0,0,0,0,0,0,1,0,0,0,0,1,1,865.4,54,58,55.81611224,1.985388718,56.4,166846802.8,13.5,10.56650144,2.808789398,3.945142032,1,244.6,Recon-Host-Discovery
192.168.1.100,192.168.1.1,1780569475,53.50922179,60590.7,4.9,73.1,15.50324841,15.50324841,0,0,0,0,0,1,0,0,0.2,0.9,0.1,209.4,421.6,0,1,0,0,0,0,0,1,0,0,0,0,1,1,5897.6,54,1596.2,387.1308646,578.2038224,321.3,166846613.4,13.5,27.36462017,793.0455902,315874.2961,1,244.6,Recon-Host-Discovery
192.168.1.100,192.168.1.1,1780569475,0.060644937,95,6,89.8,366.9546131,366.9546131,0,0,1,0,0,0,0,0,0,0.8,0.9,0,0.9,0,0,0,0,0,0,0,1,0,0,0,0,1,1,879.8,54,58,56.78015676,1.831742852,56.8,166846846.2,13.5,10.65586293,2.59419324,3.37083143,1,244.6,Recon-Host-Discovery
192.168.1.100,192.168.1.1,1780569475,150.4440323,44124.1,8.2,191.9,659.3174015,659.3174015,0,0,0,0,0,1,0,0,0,1.3,0,238.3,389.8,0,1,0,0,0,0,0,1,0,0,0,0,1,1,1911.7,79.7,1000.5,256.1000794,319.0627631,635.8,0.01750381,5.5,20.80790593,451.2228868,299158.607,0.9,38.5,Recon-Host-Discovery
192.168.1.100,192.168.1.1,1780569475,0.025985789,66.4,5.4,128.5,22.06178056,22.06178056,0,0,0,0,0,0,0,0,0,0.4,0.8,0,0.8,0,0,0,0,0,0,0,1,0,0,0,0,1,1,863.2,54,58.2,55.69603312,1.984193304,56.2,166846787.9,13.5,10.55208577,2.778613226,3.861130685,1,244.6,Recon-Host-Discovery
192.168.1.100,192.168.1.1,1780569475,21.82085571,5624.4,6,118.8,20.47735388,20.47735388,0,0,0,1,0,1,0,0,0,0.3,0.8,32.6,52.4,0,0,0,0,0,0,0,1,0,0,0,0,1,1,302.6,54,58.4,54.6615873,1.437973664,55.6,0.003311014,5.5,10.45550609,2.033601858,4.823868985,0.5,38.5,Recon-Host-Discovery
192.168.1.100,192.168.1.1,1780569475,665.738537,23140.8,12.5,138.2,0.156683103,0.156683103,0,0,0,0,0,0,0,0,0,0,0,0,16.1,0,0,0,0,0,0,0,0,1,0,0,0,1,1,1483.2,174.2,336.2,276.1303968,66.97166303,222.4,0.031880498,5.5,23.45719549,94.71223415,5515.038845,0.9,38.5,Recon-Host-Discovery
192.168.1.100,192.168.1.1,1780569475,23.61537621,1119,8.2,85.8,2.529644776,2.529644776,0,0,1,0,0,0,0,0,0,0.8,0.1,0,0.1,0,0,0,0,0,0,0,1,0,0,0,0,1,1,401.8,58,109.6,67.07444444,19.08666715,90.8,0.005686593,5.5,11.52214174,26.99262355,1221.482358,0.3,38.5,Recon-Host-Discovery
192.168.1.100,192.168.1.1,1780569475,0.126386476,7164.9,6,156,124.4400546,124.4400546,0,0,0,0,0,1,0,0,0,2,0,5.4,14.5,0,1,0,0,0,0,0,1,0,0,0,0,1,1,7460.9,66,2922,491.2549494,775.0636246,173.7,166848486.4,13.5,31.35219579,1098.121722,606101.907,1,244.6,Recon-Host-Discovery
192.168.1.100,192.168.1.1,1780569475,365.8502189,27997.7,8.7,100.2,0.723631285,0.723631285,0,0,0,0,0,0,0,0,0,0,0,86.4,173.6,0,0,0,0,0,0,0,0,0,0,0,0,1,1,1653.2,54,230,106.273849,67.01550361,136.6,166848271.3,13.5,14.59279494,94.88857958,4509.984437,1,244.6,Recon-Host-Discovery
192.168.1.100,192.168.1.1,1780569475,217.2239099,6158.4,8.7,162.6,0.316431035,0.316431035,0,0,0,0,0,0,0,0,0,0.4,0,12.4,25.7,0,0,0,0,0,0,0,1,0,0,0,0,1,1,371.9,58,85.8,65.0581746,8.926739081,81,0.017731786,5.5,11.39568942,12.62431548,228.8113423,0.9,38.5,Recon-Host-Discovery
192.168.1.100,192.168.1.1,1780569475,0.052533579,83,6,76.8,19.16379001,19.16379001,0,0,0,0,0,0,0,0,0,0.5,1,0,1,0,0,0,0,0,0,0,1,0,0,0,0,1,1,304.2,54,56.8,54.95539683,1.294879235,56,0.001430488,5.5,10.48361733,1.831235776,2.408147896,0.7,38.5,Recon-Host-Discovery
192.168.1.100,192.168.1.1,1780569475,0.075339222,90,6,48.5,16.00972118,16.00972118,0,0,1,0,0,0,0,0,0,0.9,0.7,0,0.7,0,0,0,0,0,0,0,1,0,0,0,0,1,1,315,54,57.6,56.8284127,1.388804368,57.6,0.002339911,5.5,10.66053058,1.964065972,2.206720836,0.9,38.5,Recon-Host-Discovery
192.168.1.100,192.168.1.1,1780569475,195.1677215,5234.4,5.9,137.1,60.51513344,60.51513344,0,0,0,0,0,1,0,0,0,1,0,9.3,16.8,0,0,0,0,0,0,0,1,0,0,0,0,1,1,3811.3,54,1514,244.6660833,411.1560172,244.3,166848384.6,13.5,22.1064817,583.022379,171076.1061,1,244.6,Recon-Host-Discovery
192.168.1.100,192.168.1.1,1780569475,0.011391807,60.2,6,119.5,10.5700399,10.5700399,0,0,0,1,0,1,0,0,0,0.2,0.9,0,0.9,0,0,0,0,0,0,0,1,0,0,0,0,1,1,854.2,50,58,55.10803898,2.306956216,54.8,166847732.9,13.5,10.49888029,3.268622981,5.349370951,1,244.6,Recon-Host-Discovery
192.168.1.100,192.168.1.1,1780569475,0,54,6,140.4,0.123721734,0.123721734,0,0,0,1,0,1,0,0,0,0,1,0,1,0,0,0,0,0,0,0,1,0,0,0,0,1,1,297,54,54,54,0,54,0.001775789,5.5,10.39230485,0,0,0,38.5,Recon-Host-Discovery
192.168.1.100,192.168.1.1,1780569475,0.069498587,89.2,6,89.8,17.44042088,17.44042088,0,0,1,0,0,0,0,0,0,0.7,0.9,0,0.9,0,0,0,0,0,0,0,1,0,0,0,0,1,1,311.4,54.8,58,56.83190476,1.521188736,56.8,0.001273084,5.5,10.66115473,2.151285741,2.897947846,0.8,38.5,Recon-Host-Discovery
192.168.1.100,192.168.1.1,1780569475,150.8911158,5946.6,6,185.1,30.67270846,30.67270846,0,0,0,0,0,1,0,0,1.1,1.8,1.3,19.2,35.2,0,1,0,0,0,0,0,1,0,0,0,0,1,1,1935,54,540,126.1954905,123.2218133,82.4,166847953,13.5,15.89622236,174.5687374,15326.86894,1,244.6,Recon-Host-Discovery
192.168.1.100,192.168.1.1,1780569475,97.13217893,3152.1,6,139.6,9.910803768,9.910803768,0,0,0,0,0,1,0,0,0,2.6,0,11.4,23.3,0,1,0,0,0,0,0,1,0,0,0,0,1,1,1736.6,63.2,1441.2,231.9143651,445.4251717,407,0.009235597,5.5,19.38034715,629.9263188,493755.2863,0.9,38.5,Recon-Host-Discovery
192.168.1.100,192.168.1.1,1780569475,18.08431795,130.2,7.1,45.1,19.17566812,19.17566812,0,0,1,0,0,0,0,0,0,0.9,0.8,0,0.8,0,0,0,0,0,0,0,1,0,0,0,0,1,1,989.9,58,106,64.03018835,15.05557281,60.9,166846831.4,13.5,11.30518096,21.19516274,225.9778868,1,244.6,Recon-Host-Discovery
192.168.1.100,192.168.1.1,1780569475,118.4352367,4765.6,13.7,80.2,0.310477167,0.310477167,0,0,0,0,0,0,0,0,0,0.1,0,13.2,26.3,0,0,0,0,0,0,0,0,1,0,0,0,1,1,1692.8,52.4,218,108.7643682,53.21728506,125.4,166847976.7,13.5,14.76700878,75.1937069,2831.572237,1,244.6,Recon-Host-Discovery
192.168.1.100,192.168.1.1,1780569475,61.91207149,36987,5,60.6,37.87941938,37.87941938,0,0,0,0,0,1,0,0,0.3,1.5,0.3,94.8,169.6,0,1,0,0,0,0,0,1,0,0,0,0,1,1,1886.4,54,230,123.311237,62.85933074,85.8,166848075.9,13.5,15.68607055,89.07933749,3971.571058,1,244.6,Recon-Host-Discovery
192.168.1.100,192.168.1.1,1780569475,237.8864816,30606.5,6.5,87.7,1.271447967,1.271447967,0,0,0,0,0,1,0,0,0,0,0,156.7,261.5,0,1,0,0,0,0,0,1,0,0,0,0,1,1,1551.1,54,260.7,99.20757835,56.92936827,119.5,166846874,13.5,14.09150895,80.70283184,3465.552782,1,244.6,Recon-Host-Discovery
192.168.1.100,192.168.1.1,1780569475,619.3525274,57171.4,9.8,132.3,0.730368197,0.730368197,0,0,0,0,0,0,0,0,0,0.3,0,252.6,420.6,0,0,0,0,0,0,0,0,0,0,0,0,1,1,1773.1,48.5,230,114.5160437,69.9771045,116.2,166847500.8,13.5,15.14830597,99.09306279,4912.928215,1,244.6,Recon-Host-Discovery
192.168.1.100,192.168.1.1,1780569475,0.045451999,84.2,6,90.2,28.16050769,28.16050769,0,0,1,0,0,0,0,0,0,0.8,0.7,0,0.7,0,0,0,0,0,0,0,1,0,0,0,0,1,1,917.4,54,94,59.26957896,9.419861715,56.8,166846572.1,13.5,10.8877793,13.35210167,89.76527634,1,244.6,Recon-Host-Discovery
192.168.1.100,192.168.1.1,1780569475,0.039822912,78.8,6,71.3,19.42287392,19.42287392,0,0,1,0,0,0,0,0,0,0.8,0.6,0,0.6,0,0,0,0,0,0,0,1,0,0,0,0,1,1,316.2,56.4,58,57.67396825,0.639471807,57.2,0.00160501,5.5,10.73994717,0.904349702,1.028461577,0.4,38.5,Recon-Host-Discovery
192.168.1.100,192.168.1.1,1780569475,0.082562542,101.2,6,47.7,19.46549028,19.46549028,0,0,1,0,0,0,0,0,0,1,0.8,0,0.8,0,0,0,0,0,0,0,1,0,0,0,0,1,1,319,58,58,58,0,58,0.001649809,5.5,10.77032961,0,0,0,38.5,Recon-Host-Discovery
192.168.1.100,192.168.1.1,1780569475,875.0064175,24368.1,9.3,151.5,0.235042737,0.235042737,0,0,0,0,0,1,0,0,0,0,0,89.2,157.5,0,1,0,0,0,0,0,1,0,0,0,0,1,1,1463.9,49.6,218.8,93.57773556,47.13010587,114.4,166848533.7,13.5,13.69501565,66.64563491,2248.964627,1,244.6,Recon-Host-Discovery
192.168.1.100,192.168.1.1,1780569475,0.065344524,83.4,6,53.8,15.34953951,15.34953951,0,0,1,0,0,0,0,0,0,0.6,0.9,0,0.9,0,0,0,0,0,0,0,1,0,0,0,0,1,1,308.6,54.4,58,56.18412698,1.777190429,56.4,0.002263308,5.5,10.60019995,2.513326807,3.510454019,0.9,38.5,Recon-Host-Discovery
192.168.1.100,192.168.1.1,1780569475,128.4413457,6611.4,9.8,73,14.7467444,14.7467444,0,0,0,0,0,0,0,0,0.1,0.3,0,0.7,3,0,0,0,0,0,0,0,0,0,0,0,0,1,1,505.2,61.4,145.5,85.28039683,29.93312761,100,0.019184017,5.5,13.01704263,42.33183503,1354.616951,0.9,38.5,Recon-Host-Discovery
192.168.1.100,192.168.1.1,1780569475,0.036675882,83.8,6,94.6,16.81503728,16.81503728,0,0,1,0,0,0,0,0,0,0.7,0.8,0,0.8,0,0,0,0,0,0,0,1,0,0,0,0,1,1,308.2,54,56.8,55.4852381,1.332626927,56.8,0.002860498,5.5,10.53374065,1.884619074,2.54239229,0.7,38.5,Recon-Host-Discovery
192.168.1.100,192.168.1.1,1780569475,34.63678873,3103.7,7.1,136,13.50429327,13.50429327,0,0,0,0,0,1,0,0,0,2.5,0,1.3,5.6,0,0,0,0,0,0,0,1,0,0,0,0,1,1,5329,54,3201.1,344.5836451,765.015,443.3,166846994.9,13.5,26.08710937,1084.595838,629642.5684,1,244.6,Recon-Host-Discovery
192.168.1.100,192.168.1.1,1780569475,0.036512899,89.2,6,87.9,57.99164221,57.99164221,0,0,1,0,0,0,0,0,0,0.7,0.9,0,0.9,0,0,0,0,0,0,0,1,0,0,0,0,1,1,311.8,54.4,58,56.6168254,1.676588369,56.8,0.001054788,5.5,10.64092881,2.37105401,3.134184933,0.9,38.5,Recon-Host-Discovery
192.168.1.100,192.168.1.1,1780569475,513.6480079,95411.4,8.7,123.9,6.902156977,6.902156977,0,0,0,0,0,1,0,0,0,0.4,0,507.9,835.6,0,1,0,0,0,0,0,1,0,0,0,0,1,1,1343.8,46,230,85.76086722,55.46250427,98.9,166848547.7,13.5,13.09833264,78.59908495,3105.297633,1,244.6,Recon-Host-Discovery
192.168.1.100,192.168.1.1,1780569475,192.3431344,93722,6.6,115.3,0.6424451,0.6424451,0,0,0,0,0,1,0,0,0,0.9,0,73.6,137.1,0,1,0,0,0,0,0,1,0,0,0,0,1,1,1415.6,54,174.2,91.19961215,35.08777397,89.4,166847986.9,13.5,13.51417927,49.71707936,1276.891746,1,244.6,Recon-Host-Discovery
192.168.1.100,192.168.1.1,1780569475,604.740111,9640.1,6,92.6,0.150457022,0.150457022,0,0,0,0,0,1,0,0,0,0.1,0,41.1,71.7,0,0,0,0,0,0,0,1,0,0,0,0,1,1,460.2,60.7,138.2,78.79242063,24.72697395,94.8,0.04361949,5.5,12.51377762,34.96922192,1157.745654,0.9,38.5,Recon-Host-Discovery
192.168.1.100,192.168.1.1,1780569475,0.098166394,95.8,6,107.4,26.38479441,26.38479441,0,0,1,0,0,0,0,0,0,1,0.7,0,0.7,0,0,0,0,0,0,0,1,0,0,0,0,1,1,891.4,54,58,57.54135969,1.232771759,56.8,166846692,13.5,10.72724883,1.747748395,1.587659242,1,244.6,Recon-Host-Discovery
192.168.1.100,192.168.1.1,1780569475,0.059009004,84.6,6,48.7,16.90361373,16.90361373,0,0,1,0,0,0,0,0,0,0.9,0.6,0,0.6,0,0,0,0,0,0,0,1,0,0,0,0,1,1,318.2,57.2,58,57.91555556,0.245707872,57.6,0.002008104,5.5,10.76247478,0.347483405,0.302024691,0.2,38.5,Recon-Host-Discovery
192.168.1.100,192.168.1.1,1780569475,399.6621013,11487.6,8.7,147.1,0.427205689,0.427205689,0,0,0,0,0,1,0,0,0,0.4,0,10,23.1,0,0,0,0,0,0,0,1,0,0,0,0,1,1,629.8,64.3,192.7,109.8976984,49.96878341,122.2,0.033741903,5.5,14.79326991,70.6665312,3129.765206,0.9,38.5,Recon-Host-Discovery
192.168.1.100,192.168.1.1,1780569475,199.2252984,37413.2,3.2,44.8,2.858860786,2.858860786,0,0,0,0,0,0,0,0,0,0.2,0,211.2,345.4,0,0,0,0,0,0,0,0,0,0,0,0,1,1,422.1,56.4,109.9,73.43472222,18.3501217,77.3,0.019756198,5.5,12.10116159,25.95099097,442.7468352,0.8,38.5,Recon-Host-Discovery
192.168.1.100,192.168.1.1,1780569475,106.1993004,21580.3,4.8,114.6,11.20197666,11.20197666,0,0,0,0,0,1,0,0,0,1,0.3,113.6,194.1,0,0,0,0,0,0,0,1,0,0,0,0,1,1,529.5,55.2,262.5,86.06400794,68.96384097,100.1,0.028626609,5.5,12.96437934,97.52959922,8942.638165,0.9,38.5,Recon-Host-Discovery
192.168.1.100,192.168.1.1,1780569475,72.17812729,449.5,6,96.5,14.10441464,14.10441464,0,0,0,0,0,1,0,0,0,0.4,0.9,2.5,4.7,0,0,0,0,0,0,0,1,0,0,0,0,1,1,865,54,66,55.81618312,3.210891002,55.6,166847736.6,13.5,10.56461003,4.546604376,10.37102163,1,244.6,Recon-Host-Discovery
192.168.1.100,192.168.1.1,1780569475,29.50917633,4127.2,6,81.5,28.57657438,28.57657438,0,0,0,0,0,1,0,0,0,1.7,0,16.4,35.7,0,1,0,0,0,0,0,1,0,0,0,0,1,1,545.8,66,239,94.51579365,61.48844337,95.6,0.02425859,5.5,13.66342321,86.95779054,5416.181521,0.8,38.5,Recon-Host-Discovery
192.168.1.100,192.168.1.1,1780569475,117.0357246,12578.5,6.5,93.4,8.401334426,8.401334426,0,0,0,0,0,0,0,0,0,0.5,0,68,118.2,0,0,0,0,0,0,0,0,0,0,0,0,1,1,485.7,66.5,124.2,91.95519841,21.01646851,92,0.0316921,5.5,13.54454151,29.7217748,525.3039493,0.9,38.5,Recon-Host-Discovery
192.168.1.100,192.168.1.1,1780569475,305.7035892,34192.9,5.9,98.1,2.733748053,2.733748053,0,0,0,0,0,1,0,0,0,0.3,0,180,293.4,0,0,0,0,0,0,0,1,0,0,0,0,1,1,1501.3,60,222,96.4858339,44.15411402,102.3,166848496.9,13.5,13.88377658,62.5996335,1980.865626,1,244.6,Recon-Host-Discovery
192.168.1.100,192.168.1.1,1780569475,358.7862617,47097.6,14.8,82.7,21.65369189,21.65369189,0,0,0,0,0,0,0,0,0,0,0,196.3,331.2,0,0,0,0,0,0,0,0,1,0,0,0,1,1,3668.5,152.5,1185.8,657.4679365,455.4316434,543.8,0.0127985,5.5,35.83956536,644.0776068,231039.2646,0.9,38.5,Recon-Host-Discovery
192.168.1.100,192.168.1.1,1780569475,47.72660339,2469.3,7,141.5,0.451764204,0.451764204,0,0,0,0,0,1,0,0,0,0,0,8.8,20.3,0,0,0,0,0,0,0,1,0,0,0,0,1,1,582.7,61.2,172.1,99.31559524,37.54141493,107.1,0.017011189,5.5,14.04202559,53.09157815,1704.999778,0.9,38.5,Recon-Host-Discovery
192.168.1.100,192.168.1.1,1780569475,3.022631168,204096.5,6,190,123.8374108,123.8374108,0,0,0,0,0,1,0,0,0.3,2,0,68.5,214,0,1,0,0,0,0,0,1,0,0,0,0,1,1,12072.6,1065.6,2779.2,2198.14,744.3959502,1779.6,0.001098895,5.5,66.09833255,1052.734849,663283.9,0.9,38.5,Recon-Host-Discovery
192.168.1.100,192.168.1.1,1780569475,0.024811077,83.8,6,89.8,40.99969093,40.99969093,0,0,1,0,0,0,0,0,0,0.7,0.8,0,0.8,0,0,0,0,0,0,0,1,0,0,0,0,1,1,855.4,54,58,55.14076473,1.782164504,56.8,166846594.4,13.5,10.50027272,2.516106375,3.180400666,1,244.6,Recon-Host-Discovery
192.168.1.100,192.168.1.1,1780569475,440.8671033,47518.7,8.2,171.1,1.095102012,1.095102012,0,0,0,0,0,1,0,0,0,0.5,0,213.3,370.2,0,0,0,0,0,0,0,1,0,0,0,0,1,1,2204.5,43,520,143.7640492,122.0984269,105.6,166846907.1,13.5,16.9700367,172.9277404,15007.85006,1,244.6,Recon-Host-Discovery
192.168.1.100,192.168.1.1,1780569475,1281.077658,130733.7,9.3,147.2,0.899405223,0.899405223,0,0,0,0,0,1,0,0,0,0,0,658.6,1103.9,0,0,0,0,0,0,0,1,0,0,0,0,1,1,1992.2,60,314,128.6254046,70.20596506,133.3,166848573.4,13.5,16.00888139,99.12091084,4916.617769,1,244.6,Recon-Host-Discovery
192.168.1.100,192.168.1.1,1780569475,13.8816946,717,6,77.5,16.64740246,16.64740246,0,0,1,0,0,0,0,0,0,0.7,0.6,2,3.6,0,0,0,0,0,0,0,1,0,0,0,0,1,1,897.3,54,73.3,57.69661274,4.720599706,70.7,166846826.8,13.5,10.67865591,2.743239399,3.764828862,1,244.6,Recon-Host-Discovery
192.168.1.100,192.168.1.1,1780569475,12.3831156,6664.5,7.1,153.9,55.52280556,55.52280556,0,0,0,0,0,1,0,0,0.3,1.8,0,7.3,18.8,0,1,0,0,0,0,0,1,0,0,0,0,1,1,755.1,78,334.9,133.0673016,85.08043407,138.4,0.008467698,5.5,16.25943936,120.3219038,11070.08337,0.9,38.5,Recon-Host-Discovery
192.168.1.100,192.168.1.1,1780569475,2.013148499,218.2,12,86.5,15.39509192,15.39509192,0,0,0,0,0,0,0,0,0,0,0,0,0,0,0,0,0,0,0,0,0,1,0,0,0,1,1,777.2,89.4,230,157.5968254,55.89851934,121.2,0.0499084,5.5,17.648134,79.05244417,3836.96174,0.9,38.5,Recon-Host-Discovery
192.168.1.100,192.168.1.1,1780569475,306.0944896,7939.1,8.7,149,7.492815947,7.492815947,0,0,0,0,0,1,0,0,0.2,0.2,0,8.4,13.5,0,0,0,0,0,0,0,1,0,0,0,0,1,1,910.6,63,238.4,158.8284524,69.88187078,159,0.028291297,5.5,17.67924192,98.82788943,5446.07502,0.9,38.5,Recon-Host-Discovery
192.168.1.100,192.168.1.1,1780569475,0.023730993,67.2,6,90.1,16.89643996,16.89643996,0,0,1,0,0,0,0,0,0,0.6,0.6,0,0.6,0,0,0,0,0,0,0,1,0,0,0,0,1,1,306.6,54,57.6,55.48031746,1.702998139,56.4,0.001521993,5.5,10.5335741,2.408403064,3.238009574,0.9,38.5,Recon-Host-Discovery
192.168.1.100,192.168.1.1,1780569475,80.11466074,14126.6,7,179.4,87.79932402,87.79932402,0,0,0,0,0,1,0,0,0,1,0,51.1,87,0,1,0,0,0,0,0,1,0,0,0,0,1,1,929.6,84.7,328.4,170.8864286,85.95178553,178.2,0.004443192,5.5,18.45144503,121.5541808,8960.119809,0.9,38.5,Recon-Host-Discovery
192.168.1.100,192.168.1.1,1780569475,423.0501115,10817.3,13.7,195.5,0.146006671,0.146006671,0,0,0,0,0,0,0,0,0,0,0,4.7,6.9,0,0,0,0,0,0,0,0,1,0,0,0,1,1,736.9,46,190,116.1930159,60.13635065,149.4,0.048794699,5.5,14.97138312,85.04564268,4529.548234,0.8,38.5,Recon-Host-Discovery
192.168.1.100,192.168.1.1,1780569475,757.9067206,36567.5,8.2,154.2,10.64701834,10.64701834,0,0,0,0,0,1,0,0,0.2,0.8,0.1,112.6,218.7,0,1,0,0,0,0,0,1,0,0,0,0,1,1,2670.6,62.4,492.1,170.5867229,131.3341185,186,166848169.1,13.5,18.48278063,185.9716821,17683.83979,1,244.6,Recon-Host-Discovery
192.168.1.100,192.168.1.1,1780569475,231.6603422,49281,6.5,85.3,1.46413862,1.46413862,0,0,0,0,0,0,0,0,0,0.3,0,256.1,420.6,0,0,0,0,0,0,0,0,0,0,0,0,1,1,471.3,62.8,133.1,89.9931746,24.66655866,82.1,0.020767808,5.5,13.39395481,34.88378179,691.8929548,0.9,38.5,Recon-Host-Discovery
192.168.1.100,192.168.1.1,1780569475,914.1668254,186102.6,6.5,117.3,1.399911447,1.399911447,0,0,0,0,0,1,0,0,0,0.8,0,979.6,1599.8,0,1,0,0,0,0,0,1,0,0,0,0,1,1,1692.9,60,230,109.5315882,57.44981033,105.9,166847180.4,13.5,14.80352593,81.44567957,3321.988593,1,244.6,Recon-Host-Discovery
192.168.1.100,192.168.1.1,1780569475,86.3309834,9481.2,6,148.8,44.40082822,44.40082822,0,0,0,0,1,1,0,0,0,1.6,0,27.6,50.1,0,1,0,0,0,0,0,1,0,0,0,0,1,1,3582.2,60,820,233.3477717,230.2793698,207.8,166847347.7,13.5,21.63110836,326.0746028,53297.85815,1,244.6,Recon-Host-Discovery
192.168.1.100,192.168.1.1,1780569475,238.7110013,17943,14.8,120.8,0.768675073,0.768675073,0,0,0,0,0,0,0,0,0,0,0,56.4,112.7,0,0,0,0,0,0,0,0,1,0,0,0,1,1,2585.4,60,579.4,167.8384467,129.8529173,156.5,166846672,13.5,18.33402318,183.799796,17230.60927,1,244.6,Recon-Host-Discovery
192.168.1.100,192.168.1.1,1780569475,0.024213672,73.8,4.9,67,37.06115093,37.06115093,0,0,1,0,0,0,0,0,0,0.9,0.4,0,0.6,0,0,0,0,0,0,0,1,0,0,0,0,1,1,356.8,59.6,98,69.42230159,14.07099649,61.4,0.00885489,5.5,11.75214667,19.89939407,225.8247301,0.9,38.5,Recon-Host-Discovery
192.168.1.100,192.168.1.1,1780569475,360.6505268,30584,8.2,132.7,2.807919404,2.807919404,0,0,0,0,0,1,0,0,0,0.3,0.2,141.1,251.4,0,0,0,0,0,0,0,1,0,0,0,0,1,1,524.8,54,188,89.62662698,52.46706205,100,0.039107513,5.5,13.31387449,74.19963072,3391.117857,0.9,38.5,Recon-Host-Discovery
192.168.1.100,192.168.1.1,1780569475,0.03295722,71.8,5.4,108.4,24.47047921,24.47047921,0,0,0,0,0,0,0,0,0,0.4,0.9,0,0.9,0,0,0,0,0,0,0,1,0,0,0,0,1,1,314.2,56,59.2,57.46039683,1.145446041,56.2,0.002300096,5.5,10.71989516,1.619905326,2.350368796,0.6,38.5,Recon-Host-Discovery
192.168.1.100,192.168.1.1,1780569475,0.002911091,60.2,6,137.3,85.85568196,85.85568196,0,0,0,1,0,1,0,0,0,0.2,0.9,0,0.9,0,0,0,0,0,0,0,1,0,0,0,0,1,1,300.6,54,56,54.44984127,0.829273744,54.8,0.002104616,5.5,10.43540623,1.172770175,1.381296044,0.5,38.5,Recon-Host-Discovery
192.168.1.100,192.168.1.1,1780569475,0.009697104,74.9,7.1,71.6,48.71214045,48.71214045,0,0,1,0,0,0,0,0,0,0.6,0.6,0,0.6,0,0,0,0,0,0,0,1,0,0,0,0,1,1,882.1,54,75.1,56.86052451,5.189710142,58.7,166846680.3,13.5,10.66349033,7.356996268,28.40110347,1,244.6,Recon-Host-Discovery
192.168.1.100,192.168.1.1,1780569475,547.8105146,38393.8,5.3,59.2,0.821788464,0.821788464,0,0,0,0,0,0,0,0,0,0.1,0,151.6,295.4,0,0,0,0,0,0,0,1,0,0,0,0,1,1,575,58.8,205.6,105.4063095,55.49123445,98.2,0.060482192,5.5,14.43694475,78.47645636,3469.044086,0.9,38.5,Recon-Host-Discovery
192.168.1.100,192.168.1.1,1780569475,24.32848063,625.2,6,135,19.1589688,19.1589688,0,0,0,1,0,1,0,0,0,0.2,0.8,4.7,9.7,0,0,0,0,0,0,0,1,0,0,0,0,1,1,868.8,54,60,56.07260203,2.145240951,55,166846560.2,13.5,10.59074904,3.035516302,4.609959741,1,244.6,Recon-Host-Discovery
192.168.1.100,192.168.1.1,1780569475,0,54,6,159.5,8.981052082,8.981052082,0,0,0,1,0,1,0,0,0,0,1,0,1,0,0,0,0,0,0,0,1,0,0,0,0,1,1,297,54,54,54,0,54,0.003007102,5.5,10.39230485,0,0,0,38.5,Recon-Host-Discovery
192.168.1.100,192.168.1.1,1780569475,266.7602528,26667.7,7.1,147.2,0.68427981,0.68427981,0,0,0,0,0,0,0,0,0,0.4,0,128.7,212.5,0,0,0,0,0,0,0,1,0,0,0,0,1,1,1828.8,55.6,230,118.4546509,56.88318216,109.8,166848483.8,13.5,15.35668968,80.06441982,3208.790797,1,244.6,Recon-Host-Discovery
192.168.1.100,192.168.1.1,1780569475,0.050532365,89.4,7.1,75.6,102.7694933,102.7694933,0,0,0,0,0,0,0,0,0,0.4,0.9,0,0.9,0,0,0,0,0,0,0,1,0,0,0,0,1,1,903,54,88,58.1618053,9.405674039,59,166847742.1,13.5,10.78737727,13.33009758,89.57991923,1,244.6,Recon-Host-Discovery
192.168.1.100,192.168.1.1,1780569475,8.804129958,127359.2,6,52.8,91.17165117,91.17165117,0,0,0,0,0,1,0,0,0,1.8,0,16.6,134.7,0,1,0,0,0,0,0,1,0,0,0,0,1,1,15475.8,60,1494,1016.405086,662.4696324,360.6,166846555.7,13.5,45.12643285,936.038302,439937,1,244.6,Recon-Host-Discovery
192.168.1.100,192.168.1.1,1780569475,559.6329516,92435.4,8.1,125.3,1.1823367,1.1823367,0,0,0,0,0,0,0,0,0,0,0,440,757.3,0,0,0,0,0,0,0,0,0,0,0,0,1,1,839.1,104.7,226.8,165.5002381,48.0939429,133.2,0.072012711,5.5,18.13531687,68.01510632,2765.91892,0.9,38.5,Recon-Host-Discovery
192.168.1.100,192.168.1.1,1780569475,0.065901923,90.4,6,49.6,18.51176894,18.51176894,0,0,1,0,0,0,0,0,0,1,0.6,0,0.6,0,0,0,0,0,0,0,1,0,0,0,0,1,1,319,58,58,58,0,58,0.001251292,5.5,10.77032961,0,0,0,38.5,Recon-Host-Discovery
192.168.1.100,192.168.1.1,1780569475,0.055774188,72.6,4.9,46.8,18.0065588,18.0065588,0,0,1,0,0,0,0,0,0,0.6,0.7,0,0.7,0,0,0,0,0,0,0,1,0,0,0,0,1,1,873.6,51.6,59.4,56.35062292,2.40329493,55.8,166846782.5,13.5,10.61510642,3.408940174,6.323469852,1,244.6,Recon-Host-Discovery
192.168.1.100,192.168.1.1,1780569475,0.037023234,83.8,6,54,26.89164229,26.89164229,0,0,1,0,0,0,0,0,0,0.7,0.8,0,0.8,0,0,0,0,0,0,0,1,0,0,0,0,1,1,1050.2,54,218,68.16036413,39.93286491,56.8,166846583.8,13.5,11.67746575,56.59664849,1613.034578,1,244.6,Recon-Host-Discovery
192.168.1.100,192.168.1.1,1780569475,0.046730995,78,5.4,52.8,21.31409824,21.31409824,0,0,0,0,0,0,0,0,0,0.6,0.8,0,0.8,0,0,0,0,0,0,0,1,0,0,0,0,1,1,309.6,54,57.8,55.84801587,1.63985941,56.6,0.002953887,5.5,10.56820583,2.319111418,3.378278093,0.8,38.5,Recon-Host-Discovery
192.168.1.100,192.168.1.1,1780569475,0.031120086,71.8,6,58.6,19.93465228,19.93465228,0,0,0,1,0,1,0,0,0,0.4,0.9,0,0.9,0,0,0,0,0,0,0,1,0,0,0,0,1,1,305.4,54,57.6,55.51761905,1.731954532,55.6,0.002417994,5.5,10.53714098,2.449353588,3.336197279,0.9,38.5,Recon-Host-Discovery
192.168.1.100,192.168.1.1,1780569475,472.4755207,72453.2,7.1,109.8,29.1145043,29.1145043,0,0,0,0,0,1,0,0,0,0.7,0,360.7,638.6,0,1,0,0,0,0,0,1,0,0,0,0,1,1,4178.8,66,3699.3,661.4997222,1288.604644,624.1,0.0046314,5.5,33.29788148,1822.362165,2394858.578,0.8,38.5,Recon-Host-Discovery
192.168.1.100,192.168.1.1,1780569475,114.7810177,12691,7.6,132.9,1.714086596,1.714086596,0,0,0,0,0,1,0,0,0,0.4,0.1,65.6,110,0,0,0,0,0,0,0,1,0,0,0,0,1,1,1539.5,54,218,99.66349831,52.42136061,91.5,166846980.4,13.5,14.11071316,74.31786295,2765.613338,1,244.6,Recon-Host-Discovery
192.168.1.100,192.168.1.1,1780569475,0.057470942,124.8,6,76.4,26.25385444,26.25385444,0,0,0,0,0,0,0,0,0,0.7,0.8,0.1,1.1,0,0,0,0,0,0,0,1,0,0,0,0,1,1,900.4,50,83.4,57.73300451,7.767334792,81.8,166846695.1,13.5,10.62595303,3.432774129,5.896296156,1,244.6,Recon-Host-Discovery
192.168.1.100,192.168.1.1,1780569475,1244.914689,31629.4,11.1,189.6,0.116603176,0.116603176,0,0,0,0,0,0,0,0,0,0,0,61.8,95.2,0,0,0,0,0,0,0,0,0,0,0,0,1,1,913.9,54,306.5,145.7603175,98.2570992,202.3,0.023930192,5.5,16.82581074,138.9565223,11594.78797,0.9,38.5,Recon-Host-Discovery
192.168.1.100,192.168.1.1,1780569475,12.57146709,585.6,7.1,137.1,16.58625651,16.58625651,0,0,0,0,0,0,0,0,0,0.8,0.5,0,0.5,0,0,0,0,0,0,0,1,0,0,0,0,1,1,341.2,58.1,75,64.63146825,7.406937648,60.9,0.007936692,5.5,11.35921739,10.47499168,67.96108294,0.9,38.5,Recon-Host-Discovery
192.168.1.100,192.168.1.1,1780569475,4.017760873,9101.6,10.4,75.8,23.32963884,23.32963884,0,0,0,0,0,1,0,0,0,0,0,22.9,49.3,0,0,0,0,0,0,0,1,0,0,0,0,1,1,2313.6,55.2,215.5,149.7611069,61.24901744,135.1,166846597.1,13.5,17.33251945,86.32988353,3730.091976,1,244.6,Recon-Host-Discovery
192.168.1.100,192.168.1.1,1780569475,31.30173547,3006,7.1,133.8,32.83823801,32.83823801,0,0,0,0,0,1,0,0,0,1.6,0,2.5,8.6,0,1,0,0,0,0,0,1,0,0,0,0,1,1,3414.8,62.4,1803.6,480.2207937,704.8615411,620,0.01450851,5.5,27.8549984,996.824751,830531.024,0.6,38.5,Recon-Host-Discovery
192.168.1.100,192.168.1.1,1780569475,8.062786222,2041.6,6,93.4,11.5628764,11.5628764,0,0,0,0,0,0,0,0,0,0.5,0.7,11.7,18.9,0,0,0,0,0,0,0,1,0,0,0,0,1,1,317.8,56,61.2,57.86603175,1.527346432,57.2,0.000367904,5.5,10.75782635,2.159994039,4.973117662,0.5,38.5,Recon-Host-Discovery
192.168.1.100,192.168.1.1,1780569475,27.21363211,825.8,6,133.3,0.369520209,0.369520209,0,0,0,1,0,1,0,0,0,0.3,0.6,3.1,8.6,0,0,0,0,0,0,0,1,0,0,0,0,1,1,314.2,54,64.8,57.36460317,3.957687864,56.4,0.002370191,5.5,10.71000943,5.597015852,17.80979869,0.9,38.5,Recon-Host-Discovery
192.168.1.100,192.168.1.1,1780569475,503.0187544,9284.8,12,92.1,0.161746448,0.161746448,0,0,0,0,0,0,0,0,0,0,0,27,52.4,0,0,0,0,0,0,0,0,1,0,0,0,1,1,695.1,77.2,214,139.4315476,50.32946458,117.5,0.016721916,5.5,16.60589629,71.1766114,2891.125901,0.9,38.5,Recon-Host-Discovery
192.168.1.100,192.168.1.1,1780569475,0.033753943,83,6,55.1,15.48928652,15.48928652,0,0,0,0,0,0,0,0,0,0.5,1,0,1,0,0,0,0,0,0,0,1,0,0,0,0,1,1,843,54,56,54.32293602,0.711049742,56,166847710.4,13.5,10.42176506,0.991247238,1.013918143,0.5,244.6,Recon-Host-Discovery
192.168.1.100,192.168.1.1,1780569475,506.950691,26356.6,11.5,116,0.365664446,0.365664446,0,0,0,0,0,0,0,0,0,0,0,128,220.5,0,0,0,0,0,0,0,0,0,0,0,0,1,1,1784.4,56.8,230,115.6899217,61.58301955,89.1,166847492.9,13.5,15.22848519,87.12671222,3800.836811,1,244.6,Recon-Host-Discovery
192.168.1.100,192.168.1.1,1780569475,0.075849748,100.8,6,91.9,23.73442,23.73442,0,0,1,0,0,0,0,0,0,0.9,0.9,0,0.9,0,0,0,0,0,0,0,1,0,0,0,0,1,1,876.6,54,58,56.5451118,1.919574099,56.8,166846713.2,13.5,10.6356671,2.707820258,3.667704671,1,244.6,Recon-Host-Discovery
192.168.1.100,192.168.1.1,1780569475,8.164024305,2301.2,7.1,99.7,1.770027194,1.770027194,0,0,0,1,0,1,0,0,0,0.1,0.7,10,20.6,0,0,0,0,0,0,0,1,0,0,0,0,1,1,1264.6,54,230,82.36539648,48.55669967,58.4,166846587.6,13.5,12.83995474,68.7861922,2377.130293,1,244.6,Recon-Host-Discovery
192.168.1.100,192.168.1.1,1780569475,891.3474013,139922.8,7.7,128.3,2.407718289,2.407718289,0,0,0,0,0,0,0,0,0,0.2,0,723.3,1181.8,0,0,0,0,0,0,0,0,0,0,0,0,1,1,510.3,65.5,124.6,90.77638889,23.17750932,102.1,0.03227849,5.5,13.46026427,32.77794802,655.6286884,0.9,38.5,Recon-Host-Discovery
192.168.1.100,192.168.1.1,1780569475,0.016680312,66.4,5.4,69.4,37.18149835,37.18149835,0,0,0,0,0,0,0,0,0,0.4,0.8,0,0.8,0,0,0,0,0,0,0,1,0,0,0,0,1,1,865.2,54,58.2,55.82618312,1.995724689,56.2,166846685.4,13.5,10.56461003,2.801846465,3.925553,1,244.6,Recon-Host-Discovery
192.168.1.100,192.168.1.1,1780569475,266.6077448,9439.8,9.2,142.6,0.709249152,0.709249152,0,0,0,0,0,0,0,0,0,0.6,0,2.8,10.9,0,0,0,0,0,0,0,0,0,0,0,0,1,1,1673.1,43,230,108.1885962,62.91527494,103.2,166848114.1,13.5,14.7245845,89.05992771,3969.450439,1,244.6,Recon-Host-Discovery
192.168.1.100,192.168.1.1,1780569475,0.04995842,106.2,6,50.9,36.20756505,36.20756505,0,0,1,0,0,0,0,0,0,0.9,1,0,1,0,0,0,0,0,0,0,1,0,0,0,0,1,1,315.4,54.4,58,57.2284127,1.388804368,57.6,0.000161409,5.5,10.69833306,1.964065972,2.206720836,0.9,38.5,Recon-Host-Discovery
192.168.1.100,192.168.1.1,1780569475,0.03077879,78,6,93.1,25.82402835,25.82402835,0,0,1,0,0,0,0,0,0,0.6,0.8,0,0.8,0,0,0,0,0,0,0,1,0,0,0,0,1,1,305.8,54,56.8,55.14698413,1.31443633,56.4,0.001454997,5.5,10.50175229,1.858893685,2.482454019,0.7,38.5,Recon-Host-Discovery
192.168.1.100,192.168.1.1,1780569475,0.016785717,71.4,6,158.3,73.64903709,73.64903709,0,0,0,1,0,1,0,0,0,0.3,1,0,1,0,0,0,0,0,0,0,1,0,0,0,0,1,1,297.4,54,54.4,54.04,0.12,54.4,0.001672411,5.5,10.39614675,0.169705627,0.144,0.1,38.5,Recon-Host-Discovery
192.168.1.100,192.168.1.1,1780569475,18.5373585,2185.9,6,91.8,21.83813912,21.83813912,0,0,0,0,0,1,0,0,0,0.4,0.7,12.3,21.1,0,0,0,0,0,0,0,1,0,0,0,0,1,1,868.8,54,70.6,55.88429397,4.213337785,61.7,166846787.2,13.5,10.57349151,6.000150993,37.27633719,1,244.6,Recon-Host-Discovery
192.168.1.100,192.168.1.1,1780569475,88.83229733,4795.4,6.4,78.6,0.444991303,0.444991303,0,0,0,0,0,0,0,0,0,0.1,0,15.6,37,0,0,0,0,0,0,0,0,0,0,0,0,1,1,455,46,158.2,77.26357143,38.54659973,86.8,0.044126892,5.5,12.36773822,54.51312412,1845.787587,0.9,38.5,Recon-Host-Discovery
192.168.1.100,192.168.1.1,1780569475,56.12287052,8958.5,7.1,171.3,55.89381793,55.89381793,0,0,0,0,0,1,0,0,0.3,1.7,0,7.2,18,0,1,0,0,0,0,0,1,0,0,0,0,1,1,853.7,63.9,404.8,144.8275794,114.576513,151.1,0.009103298,5.5,16.89784608,162.0356587,17805.28306,0.9,38.5,Recon-Host-Discovery
192.168.1.100,192.168.1.1,1780569475,107.2132394,16798.4,8.6,132.9,5.829303921,5.829303921,0,0,0,0,0,0,0,0,0.2,0.4,0,85.8,143.8,0,0,0,0,0,0,0,0,0,0,0,0,1,1,1533.2,60,239,98.28053457,48.92516509,126.5,166846749.7,13.5,13.94213881,66.90927638,2254.099623,1,244.6,Recon-Host-Discovery
192.168.1.100,192.168.1.1,1780569475,0.016656518,78,4.8,83.4,87.15844124,87.15844124,0,0,0,0,0,0,0,0,0,0.6,0.8,0,0.8,0,0,0,0,0,0,0,1,0,0,0,0,1,1,898.6,56.4,59.8,57.99935299,0.787715823,57.2,166847743.8,13.5,10.77202044,1.087240121,0.795599598,0.9,244.6,Recon-Host-Discovery
192.168.1.100,192.168.1.1,1780569475,0.425690031,10251.1,6,173.5,81.67876046,81.67876046,0,0,0,0,0,1,0,0,1,2,0,14.8,33.5,0,1,0,0,0,0,0,1,0,0,0,0,1,1,967.1,66,639.4,146.240119,191.3682614,185.1,0.014711499,5.5,16.51163106,270.6355907,69514.20035,0.9,38.5,Recon-Host-Discovery
192.168.1.100,192.168.1.1,1780569475,0.036661601,65.6,6,156.8,10.90104294,10.90104294,0,0,0,1,0,1,0,0,0,0.2,1,0,1,0,0,0,0,0,0,0,1,0,0,0,0,1,1,870.8,54,71,56.24799826,4.984793854,54.4,166846820.5,13.5,10.6072726,7.062980718,25.07740691,1,244.6,Recon-Host-Discovery
192.168.1.100,192.168.1.1,1780569475,0.0152596,64,8.2,79.3,8.897178652,8.897178652,0,0,0,1,0,1,0,0,0,0.2,0.8,0,0.8,0,0,0,0,0,0,0,1,0,0,0,0,1,1,283.8,46,53.6,50.33253968,3.108510631,53.2,0.003370285,5.5,10.02996192,4.396097893,12.09633233,0.8,38.5,Recon-Host-Discovery
192.168.1.100,192.168.1.1,1780569475,4.720471311,1249790,6,217,200.2976575,200.2976575,0,0,0,0,0,1,0,0,0,2,0,45,944.5,0,1,0,0,0,0,0,1,0,0,0,0,1,1,1023,66,66,66,0,66,166848211,13.5,11.48912529,0,0,0,244.6,Recon-Host-Discovery
192.168.1.100,192.168.1.1,1780569475,0.081936789,101.2,6,49.4,20.84466704,20.84466704,0,0,1,0,0,0,0,0,0,1,0.8,0,0.8,0,0,0,0,0,0,0,1,0,0,0,0,1,1,319,58,58,58,0,58,0.002340198,5.5,10.77032961,0,0,0,38.5,Recon-Host-Discovery
192.168.1.100,192.168.1.1,1780569475,152.0862384,24339.9,14.8,93.3,69906.00727,69906.00727,0,0,0,0,0,0,0,0,0,0,0,117.1,193.5,0,0,0,0,0,0,0,0,1,0,0,0,1,1,550.7,64,170.8,99.57246032,35.80190628,97.4,0.0367208,5.5,14.09833202,50.63154142,1552.010871,0.9,38.5,Recon-Host-Discovery
192.168.1.100,192.168.1.1,1780569475,0.052273893,77.6,6,93.4,15.30419089,15.30419089,0,0,0,0,0,0,0,0,0,0.5,0.9,0,0.9,0,0,0,0,0,0,0,1,0,0,0,0,1,1,310.2,55.2,58,56.81301587,1.35443633,56,0.002092814,5.5,10.65925797,1.915462228,2.626454019,0.7,38.5,Recon-Host-Discovery
192.168.1.100,192.168.1.1,1780569475,0.03632319,66.4,5.4,128.1,17.26964658,17.26964658,0,0,0,0,0,0,0,0,0,0.4,0.8,0,0.8,0,0,0,0,0,0,0,1,0,0,0,0,1,1,861.6,54,59.4,55.55672954,2.062594346,56.2,166847733.5,13.5,10.53997553,2.916858373,4.267921872,1,244.6,Recon-Host-Discovery
192.168.1.100,192.168.1.1,1780569475,6.160041428,131.5,6,68.9,11.77609096,11.77609096,0,0,1,0,0,0,0,0,0,0.7,0.8,0.3,1.3,0,0,0,0,0,0,0,1,0,0,0,0,1,1,879.4,54,58,56.74938753,1.847828219,56.8,166846854.3,13.5,10.65297918,2.616941384,3.427636164,1,244.6,Recon-Host-Discovery
192.168.1.100,192.168.1.1,1780569475,0.046046281,77.2,6,113,17.69600995,17.69600995,0,0,0,1,0,1,0,0,0,0.4,1,0,1,0,0,0,0,0,0,0,1,0,0,0,0,1,1,869.4,54,60,56.09340833,2.185237662,55.6,166846806.2,13.5,10.59286337,3.090302213,4.77598051,1,244.6,Recon-Host-Discovery
192.168.1.100,192.168.1.1,1780569475,173.8436423,5735.9,12.6,134.1,2.171328349,2.171328349,0,0,0,0,0,0,0,0,0,0.2,0,5.3,13.7,0,0,0,0,0,0,0,0,1,0,0,0,1,1,1570.6,54,249.8,100.3734698,67.41798775,124.5,166848254.1,13.5,14.17591964,95.46535236,4590.813224,1,244.6,Recon-Host-Discovery
192.168.1.100,192.168.1.1,1780569475,21.0853977,968.1,8.2,118.7,14.14483215,14.14483215,0,0,0,0,0,0,0,0,0,0.6,0.5,0,0.5,0,0,0,0,0,0,0,1,0,0,0,0,1,1,1240.9,54,214,80.91710809,53.22239257,73.3,166846801.9,13.5,12.71620179,75.44199407,2860.064635,1,244.6,Recon-Host-Discovery
192.168.1.100,192.168.1.1,1780569475,0.049916291,83,6,74.7,19.31978606,19.31978606,0,0,0,0,0,0,0,0,0,0.5,1,0,1,0,0,0,0,0,0,0,1,0,0,0,0,1,1,873,54,58,56.33952118,1.960195726,56,166847710.3,13.5,10.61601552,2.77174336,3.842572737,1,244.6,Recon-Host-Discovery
192.168.1.100,192.168.1.1,1780569475,38.15360508,61960.2,6.5,86.7,48.36790844,48.36790844,0,0,0,0,0,1,0,0,0,1.4,0,56.4,124.8,0,1,0,0,0,0,0,1,0,0,0,0,1,1,2606,63,2137.2,333.1859921,666.8904065,642.6,0.006788301,5.5,22.19761202,943.1254574,1115106.137,0.5,38.5,Recon-Host-Discovery
192.168.1.100,192.168.1.1,1780569475,145.2248256,14021.8,6,157.3,18.03464352,18.03464352,0,0,0,1,0,1,0,0,0.2,0.4,0.6,58.8,116.8,0,0,0,0,0,0,0,1,0,0,0,0,1,1,1261,54,420.9,79.47608683,86.2885664,112.8,166847736.1,13.5,12.56103638,122.4112703,10499.1013,1,244.6,Recon-Host-Discovery
192.168.1.100,192.168.1.1,1780569475,60.15800476,2883.8,7.1,111,28.60606265,28.60606265,0,0,1,0,0,0,0,0,0,0.9,0.9,0,0.9,0,0,0,0,0,0,0,1,0,0,0,0,1,1,908.2,54,94,58.12388695,9.407910484,74,166846683.9,13.5,10.78206721,13.43218818,305.3768007,1,244.6,Recon-Host-Discovery
192.168.1.100,192.168.1.1,1780569475,621.2404052,55953.6,7.6,108.1,0.858333375,0.858333375,0,0,0,0,0,0,0,0,0,0.4,0,166,337,0,0,0,0,0,0,0,0,0,0,0,0,1,1,752,75.4,226.8,148.0262302,60.72962553,128.1,0.042571998,5.5,17.1391477,85.88466006,4123.364911,0.9,38.5,Recon-Host-Discovery
192.168.1.100,192.168.1.1,1780569475,17.32084982,493,5.5,96.6,17.95981557,17.95981557,0,0,0,0,0,0,0,0,0,0.4,0.7,3,6.2,0,0,0,0,0,0,0,1,0,0,0,0,1,1,314.6,54,65.2,56.31698413,3.804810412,60,0.001336098,5.5,10.61119738,5.380814487,36.8792318,0.8,38.5,Recon-Host-Discovery
192.168.1.100,192.168.1.1,1780569475,58.47816386,9866.9,11.5,76.7,1.51859515,1.51859515,0,0,0,0,0,0,0,0,0,0.2,0,47.2,76.1,0,0,0,0,0,0,0,0,1,0,0,0,1,1,454.7,53,167.4,79.19845238,37.43991131,82.1,0.020054197,5.5,12.54927679,52.94803034,2076.349472,0.9,38.5,Recon-Host-Discovery
192.168.1.100,192.168.1.1,1780569475,0.049217582,95.8,6,52,28.44049307,28.44049307,0,0,1,0,0,0,0,0,0,1,0.7,0,0.7,0,0,0,0,0,0,0,1,0,0,0,0,1,1,319,58,58,58,0,58,0.00293529,5.5,10.77032961,0,0,0,38.5,Recon-Host-Discovery
192.168.1.100,192.168.1.1,1780569475,0.065606833,90.4,6,46.8,18.57747608,18.57747608,0,0,1,0,0,0,0,0,0,1,0.6,0,0.6,0,0,0,0,0,0,0,1,0,0,0,0,1,1,895,54,58,57.73249144,0.993990628,58,166846804.8,13.5,10.74536438,1.408742536,0.999579818,1,244.6,Recon-Host-Discovery
192.168.1.100,192.168.1.1,1780569475,0.119402385,1372.5,6.5,75.5,73.00794581,73.00794581,0,0,0,0,0,1,0,0,0,0.9,0,3.2,7.6,0,1,0,0,0,0,0,1,0,0,0,0,1,1,2394.1,54,675.4,153.0339566,169.4005115,157.5,166847933.1,13.5,17.4962129,240.1175839,29361.77997,1,244.6,Recon-Host-Discovery
192.168.1.100,192.168.1.1,1780569475,32.09236465,207146.3,7.1,247.8,166.0451214,166.0451214,0,0,0,0,1,1,0,0,0,1.8,0,69.6,199.5,0,1,0,0,0,0,0,1,0,0,0,0,1,1,42635,1352,2922,2773.13053,414.6558464,2202.8,166846579.4,13.5,74.53195067,583.2684866,259865.2928,0.7,244.6,Recon-Host-Discovery
192.168.1.100,192.168.1.1,1780569475,886.2393271,36674.6,8.1,100.8,0.251893023,0.251893023,0,0,0,0,0,0,0,0,0,0,0,92,198.4,0,0,0,0,0,0,0,0,0,0,0,0,1,1,739.9,76.4,230,148.1525794,69.41327567,115.7,0.059883499,5.5,17.12488479,98.16519586,5358.172125,0.9,38.5,Recon-Host-Discovery
192.168.1.100,192.168.1.1,1780569475,345.1176836,77618.2,7.1,117.1,13.99888199,13.99888199,0,0,0,0,0,1,0,0,0,0.1,0.1,413.4,696.1,0,1,0,0,0,0,0,1,0,0,0,0,1,1,1634.6,54,230,104.7169209,60.57777061,112.2,166847067.1,13.5,14.48270704,85.77252382,3682.358354,1,244.6,Recon-Host-Discovery
192.168.1.100,192.168.1.1,1780569475,0.070924783,106.2,6,72.1,25.37506093,25.37506093,0,0,1,0,0,0,0,0,0,0.9,1,0,1,0,0,0,0,0,0,0,1,0,0,0,0,1,1,860.2,54,58,55.42538059,1.870356445,57.6,166846565.8,13.5,10.52750837,2.64469143,3.516320014,1,244.6,Recon-Host-Discovery
192.168.1.100,192.168.1.1,1780569475,24.87389002,9600.7,5.5,174.3,67.41969712,67.41969712,0,0,0,0,0,1,0,0,0.2,1.4,0,20.8,43,0,1,0,0,0,0,0,1,0,0,0,0,1,1,1901.6,56.4,1258,325.406746,425.4606939,279.8,0.015302086,5.5,24.84211326,601.6922836,223284.5223,0.9,38.5,Recon-Host-Discovery
192.168.1.100,192.168.1.1,1780569475,0.041627216,95.8,6,69.3,33.93050291,33.93050291,0,0,1,0,0,0,0,0,0,1,0.7,0,0.7,0,0,0,0,0,0,0,1,0,0,0,0,1,1,883.8,54,66,56.99966272,3.057582759,57.6,166846592.6,13.5,10.67664606,4.333140234,9.439360343,1,244.6,Recon-Host-Discovery
192.168.1.100,192.168.1.1,1780569475,435.2053887,13374.2,17,127.8,10.34730461,10.34730461,0,0,0,0,0,0,0,0,0,0,0,0,0,0,0,1,0,0,0,0,0,1,0,0,0,1,1,1069.9,103.2,357,206.9911508,110.1061923,197.9,0.021527004,5.5,20.21369595,155.7136704,13528.27966,0.9,38.5,Recon-Host-Discovery
192.168.1.100,192.168.1.1,1780569475,0.018616891,71.8,6,115.2,31.41752929,31.41752929,0,0,0,1,0,1,0,0,0,0.4,0.9,0,0.9,0,0,0,0,0,0,0,1,0,0,0,0,1,1,306.6,54.4,58,55.98809524,1.760639807,55.6,0.000977302,5.5,10.5816493,2.489920693,3.445947846,0.9,38.5,Recon-Host-Discovery
192.168.1.100,192.168.1.1,1780569475,0.021442509,72.6,6,75.2,54.31708134,54.31708134,0,0,1,0,0,0,0,0,0,0.6,0.7,0,0.7,0,0,0,0,0,0,0,1,0,0,0,0,1,1,930,54,101,60.12956816,10.98964504,56.4,166846830.2,13.5,10.96848138,15.56820323,121.9815555,1,244.6,Recon-Host-Discovery
192.168.1.100,192.168.1.1,1780569475,13.9676954,3779.7,6,119.9,8.47041401,8.47041401,0,0,0,1,0,1,0,0,0,0.1,0.9,21.3,35.2,0,0,0,0,0,0,0,1,0,0,0,0,1,1,310.6,54.4,64.4,56.88634921,3.666322541,55.6,0.002339506,5.5,10.66587951,5.184963061,15.58943815,0.9,38.5,Recon-Host-Discovery
192.168.1.100,192.168.1.1,1780569475,26.45790522,3804.4,10.4,100.2,44.25520929,44.25520929,0,0,0,0,0,1,0,0,0,1,0,13.4,23.7,0,1,0,0,0,0,0,1,0,0,0,0,1,1,3213.4,58,1424,211.9682192,329.1295158,86.9,166847034.4,13.5,20.53983298,466.5056766,109435.4438,1,244.6,Recon-Host-Discovery
192.168.1.100,192.168.1.1,1780569475,415.2856311,40569.1,6.4,115.1,0.174464505,0.174464505,0,0,0,0,0,0,0,0,0,0,0,24.6,68.3,0,0,0,0,0,0,0,0,0,0,0,0,1,1,1794.9,43,357,116.8143466,96.92419838,94.6,166846757.1,13.5,15.26183302,137.2734586,9473.620524,1,244.6,Recon-Host-Discovery
192.168.1.100,192.168.1.1,1780569475,193.8408471,10025.6,13.7,87.2,64533.67188,64533.67188,0,0,0,0,0,0,0,0,0,0,0,43.1,92.6,0,0,0,0,0,0,0,0,1,0,0,0,1,1,455.9,65.1,125,84.27162698,20.27531467,80.9,0.042437506,5.5,12.97457092,28.67362498,560.4263452,0.9,38.5,Recon-Host-Discovery
192.168.1.100,192.168.1.1,1780569475,7.57894733,163066.6,7.1,209.1,123.3287339,123.3287339,0,0,0,0,0,1,0,0,0,1.8,0,49.8,146.9,0,1,0,0,0,0,0,1,0,0,0,0,1,1,5152.6,66,1082,298.4666788,401.8900296,1082,166846967.2,13.5,22.80822181,565.938704,230995.7205,0.8,244.6,Recon-Host-Discovery
192.168.1.100,192.168.1.1,1780569475,3.090032578,941.2,5.5,72.8,16.00010092,16.00010092,0,0,1,0,0,0,0,0,0,0.8,0.4,4.9,8.6,0,0,0,0,0,0,0,1,0,0,0,0,1,1,915.4,50.4,89.6,58.78779677,8.299460739,63.9,166846850,13.5,10.84312606,11.80162056,139.8170945,1,244.6,Recon-Host-Discovery
192.168.1.100,192.168.1.1,1780569475,12.2682205,563.4,6.5,150.7,28.24086381,28.24086381,0,0,0,1,0,1,0,0,0,0.3,0.6,0,0.6,0,0,0,0,0,0,0,1,0,0,0,0,1,1,1046.6,54,185,67.11571944,34.3149998,71.4,166846592,13.5,11.58707119,48.66398257,1243.949411,1,244.6,Recon-Host-Discovery
192.168.1.100,192.168.1.1,1780569475,382.285449,8555.1,10.4,113.8,0.17939852,0.17939852,0,0,0,0,0,0,0,0,0,0.1,0,20.9,40.1,0,0,0,0,0,0,0,1,0,0,0,0,1,1,583.2,66.4,215.6,116.6485714,59.39323215,113,0.041073203,5.5,15.14545832,83.99471442,3978.543988,0.9,38.5,Recon-Host-Discovery
192.168.1.100,192.168.1.1,1780569475,27.7622385,19512.3,6,109.6,22.62508229,22.62508229,0,0,0,0,0,1,0,0,0,0.6,0.7,31.1,65,0,0,0,0,0,0,0,1,0,0,0,0,1,1,767.5,54,454.3,122.4373016,136.0447879,140.8,0.002020812,5.5,15.35863539,192.3963841,28697.89055,0.9,38.5,Recon-Host-Discovery
192.168.1.100,192.168.1.1,1780569475,0.069498587,89.2,6,89.8,17.44042088,17.44042088,0,0,1,0,0,0,0,0,0,0.7,0.9,0,0.9,0,0,0,0,0,0,0,1,0,0,0,0,1,1,311.4,54.8,58,56.83190476,1.521188736,56.8,0.001273084,5.5,10.66115473,2.151285741,2.897947846,0.8,38.5,Recon-Host-Discovery
192.168.1.100,192.168.1.1,1780569475,247.7278242,22823.1,12.6,198.1,11.61013776,11.61013776,0,0,0,0,0,0,0,0,0,0.6,0,81.3,139.3,0,0,0,0,0,0,0,0,1,0,0,0,1,1,889.9,92.7,280.7,165.2484921,66.59808595,147.4,0.008924294,5.5,18.14801204,94.18391638,5086.235289,0.9,38.5,Recon-Host-Discovery
192.168.1.100,192.168.1.1,1780569475,1.526533246,68213,5.4,111.2,58.12536127,58.12536127,0,0,0,0,0,1,0,0,0.2,1.8,0,37.4,92.6,0,1,0,0,0,0,0,1,0,0,0,0,1,1,4485.4,135.2,3455.6,752.7517857,1140.207732,714.3,0.007132006,5.5,37.76388149,1612.497239,1860947.567,0.9,38.5,Recon-Host-Discovery
192.168.1.100,192.168.1.1,1780569475,0.042181301,88.8,6,71.7,28.10754786,28.10754786,0,0,1,0,0,0,0,0,0,0.6,1,0,1,0,0,0,0,0,0,0,1,0,0,0,0,1,1,884.6,54,58,57.09543993,1.648699367,56.4,166846576.5,13.5,10.68550085,2.335762127,2.762827895,1,244.6,Recon-Host-Discovery
192.168.1.100,192.168.1.1,1780569475,142.0474829,3373.4,15.9,78.6,1.865380971,1.865380971,0,0,0,0,0,0,0,0,0,0.2,0,0,0,0,0,0,0,0,0,0,0,1,0,0,0,1,1,673.9,70.8,184,121.4969841,38.96373737,110.9,0.029312897,5.5,15.56270521,55.10304583,1829.482586,0.9,38.5,Recon-Host-Discovery
192.168.1.100,192.168.1.1,1780569475,687.8010096,92588,10.4,162.6,4.848570698,4.848570698,0,0,0,0,0,0,0,0,0,1.1,0,47.6,131.7,0,0,0,0,0,0,0,1,0,0,0,0,1,1,555.6,70,141.6,97.26031746,25.76495233,111.6,0.053026009,5.5,13.92954817,36.43714502,1058.209449,0.9,38.5,Recon-Host-Discovery
192.168.1.100,192.168.1.1,1780569475,16.23613541,2748.6,7.1,77.6,13.09070925,13.09070925,0,0,0,0,0,0,0,0,0,0.8,0.1,14.3,22.9,0,0,0,0,0,0,0,1,0,0,0,0,1,1,426,59.1,135.4,77.5968254,26.24278092,79,0.017970586,5.5,12.43497195,37.1128967,913.3660236,0.9,38.5,Recon-Host-Discovery
192.168.1.100,192.168.1.1,1780569475,9.997105145,241.2,6,74.6,11.3735183,11.3735183,0,0,1,0,0,0,0,0,0,0.6,0.9,0.6,2.9,0,0,0,0,0,0,0,1,0,0,0,0,1,1,1063.7,54,214,68.7705905,40.8177938,62.9,166846791.3,13.5,11.73124241,57.85098979,1680.464286,1,244.6,Recon-Host-Discovery
192.168.1.100,192.168.1.1,1780569475,6.560085702,377.2,7.1,112.5,12.41998354,12.41998354,0,0,0,0,0,0,0,0,0,0.5,0.9,0,0.9,0,0,0,0,0,0,0,1,0,0,0,0,1,1,373.4,54.8,120.4,64.2431746,21.20669269,72,0.00156939,5.5,11.30749548,29.99079242,1048.620936,0.8,38.5,Recon-Host-Discovery
192.168.1.100,192.168.1.1,1780569475,0.049348092,89.2,6,71.9,20.46503191,20.46503191,0,0,1,0,0,0,0,0,0,0.7,0.9,0,1,0,0,0,0,0,0,0,1,0,0,0,0,1,1,309.4,54,57.2,55.83793651,1.542154321,56.4,0.002953601,5.5,10.56725377,2.180935557,2.975703452,0.8,38.5,Recon-Host-Discovery
192.168.1.100,192.168.1.1,1780569475,0.019518495,66,6,98.1,20.39509856,20.39509856,0,0,0,1,0,1,0,0,0,0.3,0.9,0,0.9,0,0,0,0,0,0,0,1,0,0,0,0,1,1,871.8,54,58,56.30151645,1.950022934,55.2,166846785.8,13.5,10.61231055,2.758774626,3.808128681,1,244.6,Recon-Host-Discovery
192.168.1.100,192.168.1.1,1780569475,25.99322221,6863.2,6,47.9,21.69824162,21.69824162,0,0,1,0,0,0,0,0,0,0.7,0.7,39,63.6,0,0,0,0,0,0,0,1,0,0,0,0,1,1,948.4,54,137,61.29502783,20.28738467,66.3,166846708.4,13.5,11.07319852,28.75417533,416.6547588,1,244.6,Recon-Host-Discovery
192.168.1.100,192.168.1.1,1780569475,28.52920058,1247.4,9.3,80.4,16.80808526,16.80808526,0,0,0,0,0,1,0,0,0.1,0.2,0.6,0,0.8,0,0,0,0,0,0,0,1,0,0,0,0,1,1,979.4,54,154.8,62.59792472,23.71632096,72.4,166847767.6,13.5,11.18738809,33.65408838,824.7137049,1,244.6,Recon-Host-Discovery
192.168.1.100,192.168.1.1,1780569475,39.56583171,343,9.3,51.3,17.03370175,17.03370175,0,0,1,0,0,0,0,0,0,0.7,0.5,0,0.5,0,0,0,0,0,0,0,1,0,0,0,0,1,1,1257.4,54,230,81.49575198,55.63421732,67.6,166846692.9,13.5,12.77406724,78.82567252,3127.405918,1,244.6,Recon-Host-Discovery
192.168.1.100,192.168.1.1,1780569475,26.59030232,955.8,6,47,19.76674002,19.76674002,0,0,1,0,0,0,0,0,0,0.9,0.9,4.8,11.4,0,0,0,0,0,0,0,1,0,0,0,0,1,1,922,54,93,59.53817423,9.053766667,61.5,166846840.2,13.5,10.91273336,12.83232438,83.0009896,1,244.6,Recon-Host-Discovery
192.168.1.100,192.168.1.1,1780569475,973.6936811,143094.4,8.2,136.9,34.23211053,34.23211053,0,0,0,0,0,1,0,0,0,0.1,0.1,692.5,1211.8,0,0,0,0,0,0,0,1,0,0,0,0,1,1,1715.9,54,278.6,109.7134315,69.62220581,126,166848427.9,13.5,14.81662244,98.61067682,4906.68523,1,244.6,Recon-Host-Discovery
192.168.1.100,192.168.1.1,1780569475,0,54.4,6,138.9,18.30263043,18.30263043,0,0,0,1,0,1,0,0,0,0.1,0.9,0,0.9,0,0,0,0,0,0,0,1,0,0,0,0,1,1,1036.2,54,230,67.30573109,43.36177568,54.4,166846853,13.5,11.60490987,61.45285853,1901.651266,1,244.6,Recon-Host-Discovery
192.168.1.100,192.168.1.1,1780569475,0.050388288,106.2,6,47.3,37.68640411,37.68640411,0,0,1,0,0,0,0,0,0,0.9,1,0,1,0,0,0,0,0,0,0,1,0,0,0,0,1,1,874.6,54,58,56.37494863,1.942571557,57.6,166846595.4,13.5,10.61962588,2.740343574,3.757530307,1,244.6,Recon-Host-Discovery
192.168.1.100,192.168.1.1,1780569475,398.4739691,24948.6,10.4,157.2,0.790722716,0.790722716,0,0,0,0,0,0,0,0,0,0.3,0,97.5,155,0,0,0,0,0,0,0,1,0,0,0,0,1,1,774.3,74.7,219.3,143.0597619,56.35605751,135.8,0.088314605,5.5,16.89352562,79.69950086,3562.595555,0.9,38.5,Recon-Host-Discovery
192.168.1.100,192.168.1.1,1780569475,0.027495289,71.8,6,94,22.45417705,22.45417705,0,0,0,1,0,1,0,0,0,0.4,0.9,0,0.9,0,0,0,0,0,0,0,1,0,0,0,0,1,1,301,54,55.6,54.45047619,0.697696911,55.6,0.001465392,5.5,10.43540271,0.986692434,1.235473923,0.4,38.5,Recon-Host-Discovery
192.168.1.100,192.168.1.1,1780569475,0.04564898,86.8,6,91.8,21.89261248,21.89261248,0,0,0,0,0,0,0,0,0,0.5,0.9,0.1,1,0,0,0,0,0,0,0,1,0,0,0,0,1,1,897.6,54,88.6,57.8735634,8.332571512,59.8,166846809.7,13.5,10.76009848,11.8073506,74.69266218,1,244.6,Recon-Host-Discovery
192.168.1.100,192.168.1.1,1780569475,60.48028574,2907.1,4.3,123.1,8.785478389,8.785478389,0,0,0,0,0,1,0,0,0.4,1.5,0,2,5.3,0,0,0,0,0,0,0,1,0,0,0,0,1,1,7222.2,46,2922,475.4437275,813.6772019,410.4,166848426.2,13.5,30.79401812,1153.364239,667637.9974,1,244.6,Recon-Host-Discovery
192.168.1.100,192.168.1.1,1780569475,727.5961335,25978.8,7.2,115.1,0.292609338,0.292609338,0,0,0,0,0,0,0,0,0,0.5,0,50,121.2,0,0,0,0,0,0,0,1,0,0,0,0,1,1,1507.9,43,292,96.25349877,63.56931829,111.9,166847944.7,13.5,13.88270166,90.05670088,4249.531223,1,244.6,Recon-Host-Discovery
192.168.1.100,192.168.1.1,1780569475,0.133919907,174.1,13.1,64,37330.54219,37330.54219,0,0,0,0,0,0,0,0,0,0.5,0,0.1,0.4,0,0,0,0,0,0,0,0,1,0,0,0,1,1,457.4,48.8,179.2,73.76547619,41.3818104,122.1,0.008108401,5.5,11.99732857,58.52271751,5197.280684,0.9,38.5,Recon-Host-Discovery
192.168.1.100,192.168.1.1,1780569475,0.035331273,72.2,6,113.7,16.95187436,16.95187436,0,0,0,0,0,0,0,0,0,0.5,0.8,0,0.8,0,0,0,0,0,0,0,1,0,0,0,0,1,1,871,54,58,56.22105024,1.976406177,56,166846832.6,13.5,10.60285829,2.7946684,3.905778118,1,244.6,Recon-Host-Discovery
192.168.1.100,192.168.1.1,1780569475,16.98748097,4522.6,5.5,132.8,32.58675479,32.58675479,0,0,0,0,0,0,0,0,0,0.6,0.8,25.9,41.9,0,0,0,0,0,0,0,1,0,0,0,0,1,1,316.6,54,62.4,56.67392857,2.917250546,58.5,0.002236891,5.5,10.6451795,4.125615287,12.993679,0.8,38.5,Recon-Host-Discovery
192.168.1.100,192.168.1.1,1780569475,301.4988526,23711.2,6,118.1,3.565876098,3.565876098,0,0,0,0,0,1,0,0,0,0.3,0.3,107.2,204.6,0,0,0,0,0,0,0,1,0,0,0,0,1,1,517.9,54,198,84.98920635,50.76642821,108.7,0.011915779,5.5,12.94125268,71.79457129,3593.045777,0.8,38.5,Recon-Host-Discovery
192.168.1.100,192.168.1.1,1780569475,0.086430311,358.7,6,60.4,40.18482465,40.18482465,0,0,0,0,0,1,0,0,0,0.8,0.6,0.9,3.6,0,0,0,0,0,0,0,1,0,0,0,0,1,1,950.6,54,99.8,60.96404563,13.58803852,67.7,166846713.2,13.5,11.04278523,19.26321819,221.3410068,1,244.6,Recon-Host-Discovery
192.168.1.100,192.168.1.1,1780569475,9.575638032,879,6,94.7,20.5208687,20.5208687,0,0,0,0,0,0,0,0,0,0.6,0.6,3.9,6.4,0,0,0,0,0,0,0,1,0,0,0,0,1,1,394.4,54.8,140.6,69.86706349,30.10671032,68.2,0.001929116,5.5,11.79320568,42.57731805,1298.047422,0.8,38.5,Recon-Host-Discovery
192.168.1.100,192.168.1.1,1780569475,964.4370802,60524.2,8.7,99.7,0.504376074,0.504376074,0,0,0,0,0,1,0,0,0,0,0,221.2,440.2,0,0,0,0,0,0,0,1,0,0,0,0,1,1,707.3,60,213.6,125.7332143,63.60881,123.9,0.036103606,5.5,15.77717346,89.95644179,4533.565544,0.9,38.5,Recon-Host-Discovery
192.168.1.100,192.168.1.1,1780569475,0.037066007,76.3,8.2,77.2,16.00728491,16.00728491,0,0,0,0,0,0,0,0,0,0.3,0.8,0,0.8,0,0,0,0,0,0,0,1,0,0,0,0,1,1,912.9,54,83,58.83259579,9.084209185,60.1,166847730.7,13.5,10.84776195,12.87995285,83.31930131,1,244.6,Recon-Host-Discovery
192.168.1.100,192.168.1.1,1780569475,223.5205744,6907.7,11.4,100.6,33.39495831,33.39495831,0,0,0,0,0,0,0,0,0,0,0,18.7,36.1,0,0,0,0,0,0,0,0,1,0,0,0,1,1,1552.4,46,278,100.0008071,66.63608693,112.3,166847248.2,13.5,14.14377432,94.45661907,4477.639705,1,244.6,Recon-Host-Discovery
192.168.1.100,192.168.1.1,1780569475,0.057919431,83,6,92.1,17.02804949,17.02804949,0,0,0,0,0,0,0,0,0,0.5,1,0,1,0,0,0,0,0,0,0,1,0,0,0,0,1,1,303,54,56,54.70873016,0.922183544,56,0.001824999,5.5,10.46001282,1.304164475,1.718814563,0.5,38.5,Recon-Host-Discovery
192.168.1.100,192.168.1.1,1780569475,519.0610112,24550.3,10.4,151.5,0.429140582,0.429140582,0,0,0,0,0,1,0,0,0,0,0,121.4,201.7,0,1,0,0,0,0,0,1,0,0,0,0,1,1,1398.9,60,167.8,89.09354755,31.53180219,122.9,166847715.9,13.5,13.31986622,44.52762023,1047.843245,1,244.6,Recon-Host-Discovery
192.168.1.100,192.168.1.1,1780569475,0.597358203,8878.4,6,64,64.2472024,64.2472024,0,0,0,0,0,1,0,0,0,2,0,5,37.3,0,1,0,0,0,0,0,1,0,0,0,0,1,1,1023,66,66,66,0,66,166847962.6,13.5,11.48912529,0,0,0,244.6,Recon-Host-Discovery
192.168.1.100,192.168.1.1,1780569475,302.1560217,34811.4,10.4,99.1,1.983328937,1.983328937,0,0,0,0,0,1,0,0,0,0,0,185.1,297.8,0,0,0,0,0,0,0,1,0,0,0,0,1,1,1612.6,54,219.2,104.7058801,52.13336721,107,166846734,13.5,14.42172731,72.77026201,2652.594254,1,244.6,Recon-Host-Discovery
192.168.1.100,192.168.1.1,1780569475,0.656574702,14442,6,98.5,29.09894178,29.09894178,0,0,0,0,0,1,0,0,0,2.3,0,7.4,16.7,0,1,0,0,0,0,0,1,0,0,0,0,1,1,15669.8,43,5066,1035.875222,1714.047695,259.5,166847246.3,13.5,45.51437936,2428.272675,2961153.901,1,244.6,Recon-Host-Discovery
192.168.1.100,192.168.1.1,1780569475,0.008240604,66,6,137.2,65.37155274,65.37155274,0,0,0,1,0,1,0,0,0,0.3,0.9,0,0.9,0,0,0,0,0,0,0,1,0,0,0,0,1,1,847,54,58,54.60458802,1.386290239,55.2,166846680.7,13.5,10.45069365,1.964856312,1.999112871,1,244.6,Recon-Host-Discovery
192.168.1.100,192.168.1.1,1780569475,662.5863986,43769.8,8.8,138.2,0.687768404,0.687768404,0,0,0,0,0,0,0,0,0,0.8,0,102.3,210.8,0,0,0,0,0,0,0,1,0,0,0,0,1,1,763.8,98,228.4,153.8229365,57.27594205,128.2,0.048362803,5.5,17.43693893,81.00041404,3997.279035,0.9,38.5,Recon-Host-Discovery
192.168.1.100,192.168.1.1,1780569475,139.1652091,4569.4,14.8,95.3,6.969049294,6.969049294,0,0,0,0,0,0,0,0,0.4,0.3,0,0.2,1.1,0,0,0,0,0,0,0,0,1,0,0,0,1,1,1757.7,50.4,230,114.4731602,63.69846097,81.8,166848135.2,13.5,15.13027137,90.2979055,4078.73934,1,244.6,Recon-Host-Discovery
192.168.1.100,192.168.1.1,1780569475,181.0006133,53051,14.8,117.6,50.70093918,50.70093918,0,0,0,0,0,0,0,0,0,0,0,289.3,472.5,0,0,1,0,0,0,0,0,1,0,0,0,1,1,2114.6,58,437,136.1576719,112.8067623,137.2,166848410,13.5,16.5135825,159.8682996,12790.38674,1,244.6,Recon-Host-Discovery
192.168.1.100,192.168.1.1,1780569475,0.097851729,106.6,6,47.5,21.63938728,21.63938728,0,0,1,0,0,0,0,0,0,1,0.9,0,0.9,0,0,0,0,0,0,0,1,0,0,0,0,1,1,891,54,58,57.46498288,1.353242438,58,166846829.1,13.5,10.72033893,1.917672629,1.849829729,1,244.6,Recon-Host-Discovery
192.168.1.100,192.168.1.1,1780569475,0.048727417,89.6,6,89.2,27.95933637,27.95933637,0,0,1,0,0,0,0,0,0,0.8,0.8,0,0.8,0,0,0,0,0,0,0,1,0,0,0,0,1,1,316.6,56,58,57.70174603,0.707037479,57.2,0.000268292,5.5,10.74256263,0.999901991,1.007165281,0.5,38.5,Recon-Host-Discovery
192.168.1.100,192.168.1.1,1780569475,0.065885496,95.8,6,51,19.65831371,19.65831371,0,0,1,0,0,0,0,0,0,1,0.7,0,0.7,0,0,0,0,0,0,0,1,0,0,0,0,1,1,317.8,57.2,58,57.87555556,0.285707872,57.2,0.000378299,5.5,10.75874151,0.404051948,0.414024691,0.2,38.5,Recon-Host-Discovery
192.168.1.100,192.168.1.1,1780569475,0.084958506,126.1,8.2,75.5,20.86438664,20.86438664,0,0,1,0,0,0,0,0,0,0.7,0.8,0,0.8,0,0,0,0,0,0,0,1,0,0,0,0,1,1,1161.5,57.2,274,75.12250804,55.27666347,81.1,166846790.8,13.5,12.17243283,75.86707569,2898.492734,1,244.6,Recon-Host-Discovery
192.168.1.100,192.168.1.1,1780569475,276.4651891,24261.7,4.8,79.8,0.5112589,0.5112589,0,0,0,0,0,0,0,0,0,0.2,0,90.7,186.1,0,0,0,0,0,0,0,0,0,0,0,0,1,1,1400.2,54,176,90.40118307,43.49414478,92.8,166847374.4,13.5,13.39212529,60.17098211,1812.494371,1,244.6,Recon-Host-Discovery
192.168.1.100,192.168.1.1,1780569475,0.042299199,83.4,6,157.7,30.53318443,30.53318443,0,0,0,1,0,1,0,0,0,0.6,0.9,0,0.9,0,0,0,0,0,0,0,1,0,0,0,0,1,1,895.2,54,83,57.87304963,6.949986141,54.8,166846565.7,13.5,10.75798789,9.851270638,48.72997731,1,244.6,Recon-Host-Discovery
192.168.1.100,192.168.1.1,1780569475,114.741303,16623.3,7.1,76.4,15.59595349,15.59595349,0,0,0,0,0,0,0,0,0,0.5,0.5,92.2,150.7,0,0,0,0,0,0,0,1,0,0,0,0,1,1,960.3,50.7,137,62.19579402,20.08032409,63.2,166846681.5,13.5,11.15548553,28.4553574,407.269573,1,244.6,Recon-Host-Discovery
192.168.1.100,192.168.1.1,1780569475,0.021468711,60.2,5.4,93.8,32.46688908,32.46688908,0,0,0,1,0,1,0,0,0,0.2,0.9,0,0.9,0,0,0,0,0,0,0,1,0,0,0,0,1,1,299.6,54,55.4,54.27888889,0.518583449,55.4,0.001435494,5.5,10.41900874,0.733387747,0.93554321,0.3,38.5,Recon-Host-Discovery
192.168.1.100,192.168.1.1,1780569475,133.7064785,17914.1,6.6,79.6,1.542371735,1.542371735,0,0,0,0,0,1,0,0,0,0,0.2,96.5,158,0,1,0,0,0,0,0,1,0,0,0,0,1,1,1958.3,54,490.1,126.3961606,113.029477,143.8,166847758.7,13.5,15.90794609,160.1393295,13110.63597,1,244.6,Recon-Host-Discovery
192.168.1.100,192.168.1.1,1780569475,0.02754662,78.4,6,70.7,29.63559041,29.63559041,0,0,1,0,0,0,0,0,0,0.7,0.7,0,0.7,0,0,0,0,0,0,0,1,0,0,0,0,1,1,871.8,54,58,56.24513964,1.980345572,56.8,166846576.4,13.5,10.6053428,2.802798156,3.928073333,1,244.6,Recon-Host-Discovery
192.168.1.100,192.168.1.1,1780569475,0.082023287,1286.7,8.2,51.6,39.36415795,39.36415795,0,0,1,0,0,0,0,0,0,0.8,0.7,0,0.7,0,0,0,0,0,0,0,1,0,0,0,0,1,1,1050.7,58,134,68.11402065,20.33864121,66.9,166846596,13.5,11.6741921,28.81788247,417.3420686,1,244.6,Recon-Host-Discovery
192.168.1.100,192.168.1.1,1780569475,146.3884228,40291.1,12,57.6,2.195363141,2.195363141,0,0,0,0,0,0,0,0,0,0.2,0,221.8,365.1,0,0,0,0,0,0,0,0,1,0,0,0,1,1,1861.3,60,214,118.3884561,60.93360449,153.5,166847659.4,13.5,15.35316839,86.14522588,3716.763039,1,244.6,Recon-Host-Discovery
192.168.1.100,192.168.1.1,1780569475,744.3426949,72709.5,7.6,135,6.804847438,6.804847438,0,0,0,0,0,1,0,0,0.3,0.3,0,347.6,581.4,0,1,0,0,0,0,0,1,0,0,0,0,1,1,1572.9,54,230,100.8858069,64.42632994,112.1,166846954.7,13.5,14.20290461,91.3317389,4179.264325,1,244.6,Recon-Host-Discovery
192.168.1.100,192.168.1.1,1780569475,62.47294703,1031422.4,6,56.8,49.02453505,49.02453505,0,0,0,0,0,1,0,0,0,4.6,0,122.6,876.2,0,1,0,0,0,0,0,1,0,0,0,0,1,1,9493.1,355.6,2817.2,1538.706468,929.4153774,2383.9,0.003255701,5.5,54.667898,1314.391832,1207381.177,0.8,38.5,Recon-Host-Discovery
192.168.1.100,192.168.1.1,1780569475,69.44063988,5776.4,7.1,109.3,0.639014744,0.639014744,0,0,0,0,0,1,0,0,0,0.8,0,14,38.5,0,0,0,0,0,0,0,1,0,0,0,0,1,1,1668.5,50,230,108.0959935,70.90004544,87.8,166848456.5,13.5,14.71177011,100.4620369,5053.824409,1,244.6,Recon-Host-Discovery
192.168.1.100,192.168.1.1,1780569475,779.6175136,16413.2,11,201.5,0.741346825,0.741346825,0,0,0,0,0,0,0,0,0,0.2,0,28.2,47.2,0,0,0,0,0,0,0,0,0,0,0,0,1,1,545.3,54,198.2,89.76587302,53.1566727,105.7,0.055773115,5.5,13.28229839,75.17488747,3876.157602,0.8,38.5,Recon-Host-Discovery
192.168.1.100,192.168.1.1,1780569475,0.36969347,30450.2,6,96.5,48.86731412,48.86731412,0,0,0,0,0,1,0,0,0,0.7,0.7,1.6,22,0,0,0,0,0,0,0,1,0,0,0,0,1,1,1168.2,54,361.2,71.58360388,68.71767872,200.4,166846589.9,13.5,11.78127778,98.2837628,20644.02294,1,244.6,Recon-Host-Discovery
192.168.1.100,192.168.1.1,1780569475,0.111512995,986.5,5.4,89.2,21.96262234,21.96262234,0,0,0,0,0,0,0,0,0,0.7,0.7,0.5,2.3,0,0,0,0,0,0,0,1,0,0,0,0,1,1,898.2,54,66,58.00745677,3.618038482,57.4,166847760,13.5,10.77082731,5.128932328,13.16567279,1,244.6,Recon-Host-Discovery
192.168.1.100,192.168.1.1,1780569475,388.100026,21548.6,6.4,118.6,0.356665382,0.356665382,0,0,0,0,0,0,0,0,0,0,0,73.6,144.2,0,0,0,0,0,0,0,0,0,0,0,0,1,1,1915.1,54,222,123.5969186,55.23286713,116.2,166847017.1,13.5,15.74041019,78.10158901,3068.093783,1,244.6,Recon-Host-Discovery
192.168.1.100,192.168.1.1,1780569475,0.039757252,96.6,6,71.5,38.48659666,38.48659666,0,0,1,0,0,0,0,0,0,0.8,0.9,0,0.9,0,0,0,0,0,0,0,1,0,0,0,0,1,1,323.4,54.4,69.2,58.40984127,4.947031117,58.8,0.004033494,5.5,10.80745114,6.996158499,31.1024389,0.9,38.5,Recon-Host-Discovery
192.168.1.100,192.168.1.1,1780569475,0.043923593,78.8,6,72.6,18.57616901,18.57616901,0,0,1,0,0,0,0,0,0,0.8,0.6,0,0.6,0,0,0,0,0,0,0,1,0,0,0,0,1,1,314.6,54,57.6,56.7884127,1.428804368,57.2,0.000456905,5.5,10.65679731,2.020634515,2.318720836,0.9,38.5,Recon-Host-Discovery
192.168.1.100,192.168.1.1,1780569475,538.2044076,7317.2,5.9,138.4,17.54447949,17.54447949,0,0,0,0,0,1,0,0,0,0.6,0,19.9,33.5,0,0,0,0,0,0,0,1,0,0,0,0,1,1,1709.1,60,246,110.1171832,69.42718432,102,166848136.2,13.5,14.84250852,98.42151239,4846.506849,1,244.6,Recon-Host-Discovery
192.168.1.100,192.168.1.1,1780569475,0.024538302,78,6,74,51.97087033,51.97087033,0,0,0,0,0,0,0,0,0,0.6,0.8,0,0.8,0,0,0,0,0,0,0,1,0,0,0,0,1,1,861.8,54,58,55.59720397,1.953199214,56,166846576,13.5,10.54377,2.760110593,3.810029391,1,244.6,Recon-Host-Discovery
192.168.1.100,192.168.1.1,1780569475,0.05680716,89.6,6,69.1,22.8345196,22.8345196,0,0,1,0,0,0,0,0,0,0.8,0.8,0,0.8,0,0,0,0,0,0,0,1,0,0,0,0,1,1,1163,54,348,75.68251506,72.55162987,57.2,166846852.7,13.5,12.3071427,102.8199966,5325.661617,1,244.6,Recon-Host-Discovery
192.168.1.100,192.168.1.1,1780569475,3.071861434,857.6,14.2,190.6,14.60700572,14.60700572,0,0,0,0,0,0,0,0,0,0.1,0,0,0,0,0,0,0,0,0,0,0,1,0,0,0,1,1,1596.8,179,357.1,307.4753175,68.04740098,239,0.038556099,5.5,24.75340064,96.23355735,6596.779781,0.9,38.5,Recon-Host-Discovery
192.168.1.100,192.168.1.1,1780569475,150.7601109,23867.1,8.7,75.9,5.916205512,5.916205512,0,0,0,0,0,0,0,0,0,0,0,125.5,207.7,0,0,0,0,0,0,0,0,0,0,0,0,1,1,523.1,66,169.5,94.6734127,33.91949965,88.6,0.022609496,5.5,13.74594538,47.96941643,1619.616963,0.9,38.5,Recon-Host-Discovery
192.168.1.100,192.168.1.1,1780569475,574.5653262,16104.1,5.9,67.6,4.491822929,4.491822929,0,0,0,0,0,0,0,0,0,0,0,38.6,112.6,0,0,0,0,0,0,0,0,0,0,0,0,1,1,589,69.4,226.8,109.7084127,54.96528096,115.1,0.033303905,5.5,14.76849193,77.7326458,3769.091356,0.9,38.5,Recon-Host-Discovery
192.168.1.100,192.168.1.1,1780569475,0.02924788,71.4,6,115.1,20.93199354,20.93199354,0,0,0,1,0,1,0,0,0,0.3,1,0,1,0,0,0,0,0,0,0,1,0,0,0,0,1,1,302.2,54,56.8,54.71428571,1.208047777,55.2,0.001014781,5.5,10.4607015,1.70843755,2.09630839,0.7,38.5,Recon-Host-Discovery
192.168.1.100,192.168.1.1,1780569475,178.1296351,2741.6,8.1,45.8,17.13929754,17.13929754,0,0,0,0,0,0,0,0,0,0.6,0.2,1.6,6.5,0,0,0,0,0,0,0,0,0,0,0,0,1,1,1036.6,54,133.8,66.00552447,23.29567915,86.8,166846683.5,13.5,11.48620058,33.04820217,603.7635509,1,244.6,Recon-Host-Discovery
192.168.1.100,192.168.1.1,1780569475,0.023355389,78.4,6,94.2,420.6491526,420.6491526,0,0,0,0,0,0,0,0,0,0.7,0.7,0,0.7,0,0,0,0,0,0,0,1,0,0,0,0,1,1,891.4,54.4,58,57.55772332,1.130984925,56,166847722.6,13.5,10.73063041,1.585125269,1.455427838,0.9,244.6,Recon-Host-Discovery
192.168.1.100,192.168.1.1,1780569475,0.040078616,83,7.1,74.1,31.62190671,31.62190671,0,0,0,0,0,0,0,0,0,0.5,0.8,0,0.8,0,0,0,0,0,0,0,1,0,0,0,0,1,1,313.4,54.4,60.4,57.03238095,2.156931262,56.8,0.002568698,5.5,10.67997193,3.050361444,5.301895692,0.9,38.5,Recon-Host-Discovery
192.168.1.100,192.168.1.1,1780569475,189.2417226,23070.5,9.3,116.1,2.342702988,2.342702988,0,0,0,0,0,0,0,0,0.1,0.6,0.2,114,185.8,0,0,0,0,0,0,0,1,0,0,0,0,1,1,1808.7,54,230,117.2031117,64.66256662,98.4,166847775,13.5,15.32296509,91.55096879,4196.715325,1,244.6,Recon-Host-Discovery
192.168.1.100,192.168.1.1,1780569475,1.008650804,15555,6,81.1,44.90159323,44.90159323,0,0,0,0,0,0,0,0,2,5,1.5,12.3,32.7,0,1,0,0,0,0,0,1,0,0,0,0,1,1,543.9,56.4,279.3,106.7260714,84.73687536,84.9,0.002010107,5.5,14.45949545,119.8360384,8193.705453,0.9,38.5,Recon-Host-Discovery
192.168.1.100,192.168.1.1,1780569475,52.12432015,789440.1,5.9,75.9,34.64000278,34.64000278,0,0,0,0,0,1,0,0,0,0.9,0.1,253.4,1139.9,0,1,0,0,0,0,0,1,0,0,0,0,1,1,25268.9,54,13583,1684.268773,3636.751572,124.6,166846616.6,13.5,57.94576074,5153.264892,13354151.83,1,244.6,Recon-Host-Discovery
192.168.1.100,192.168.1.1,1780569475,29.95504148,4321.5,12.6,176.1,3.088783895,3.088783895,0,0,0,0,0,0,0,0,0,0.1,0.2,18.3,30.3,0,0,0,0,0,0,0,0,1,0,0,0,1,1,774.8,75.2,230,150.2679365,67.31963071,131.5,0.070120502,5.5,17.27268965,95.20433476,5047.213886,0.9,38.5,Recon-Host-Discovery
192.168.1.100,192.168.1.1,1780569475,0.021679688,125.2,17,95.9,208544.1112,208544.1112,0,0,0,0,0,0,0,0,0,0,0,0,0,0,0,0,0,0,0,0,0,1,0,0,0,1,1,436.4,49.4,141.2,73.84642857,30.79932132,95.4,0.011225796,5.5,12.08717016,43.55681793,1528.587952,0.9,38.5,Recon-Host-Discovery
192.168.1.100,192.168.1.1,1780569475,126.6658281,20429.4,7.5,54.2,6.003582784,6.003582784,0,0,0,0,0,0,0,0,0,0.4,0,95.8,175.7,0,0,0,0,0,0,0,0,0,0,0,0,1,1,343.6,60.2,65.2,62.3002381,2.123040818,63,0.028465104,5.5,11.16235421,3.002433118,5.22682483,0.9,38.5,Recon-Host-Discovery
192.168.1.100,192.168.1.1,1780569475,16.41399276,2722.6,6,102.6,8.27733963,8.27733963,0,0,0,0,1,1,0,0,0,0.1,0,13.6,22.3,0,0,0,0,0,0,0,1,0,0,0,0,1,1,1960.6,55.2,261,126.4191241,67.48276612,135.1,166847307.3,13.5,15.91734329,95.52694672,4628.875033,1,244.6,Recon-Host-Discovery
192.168.1.100,192.168.1.1,1780569475,46.79258699,7546.3,7.1,115.2,1.381628599,1.381628599,0,0,0,0,1,1,0,0,0,0,0,39.1,67,0,1,0,0,0,0,0,1,0,0,0,0,1,1,2177.4,66,267,141.6270344,64.35530158,109.6,166848180.1,13.5,16.83182463,91.21403893,4165.733356,1,244.6,Recon-Host-Discovery
192.168.1.100,192.168.1.1,1780569475,0.025222683,280.5,9.3,128.9,104.1245812,104.1245812,0,0,0,0,0,1,0,0,0.1,1.1,0,0.4,1.6,1,0,0,0,0,0,0,1,0,0,0,0,1,1,633.7,80.5,218,123.9515476,56.65767429,124.6,0.013488197,5.5,15.64070607,80.1260514,3607.90904,0.9,38.5,Recon-Host-Discovery
192.168.1.100,192.168.1.1,1780569475,0.010937309,60.2,6,118.2,37.20660622,37.20660622,0,0,0,1,0,1,0,0,0,0.2,0.9,0,0.9,0,0,0,0,0,0,0,1,0,0,0,0,1,1,301.8,54.4,58,55.25603175,1.469392379,54.8,0.001617312,5.5,10.51204492,2.078034631,2.437239355,0.9,38.5,Recon-Host-Discovery
192.168.1.100,192.168.1.1,1780569475,5.144943786,1437,6,135.7,20.79592124,20.79592124,0,0,0,0,0,1,0,0,0,0.7,0.8,7.6,13.1,0,0,0,0,0,0,0,1,0,0,0,0,1,1,896.6,54,74,57.8513871,5.213120065,57.6,166847744,13.5,10.75253257,7.341138257,26.98917346,1,244.6,Recon-Host-Discovery
192.168.1.100,192.168.1.1,1780569475,86.18311794,12884.6,7.1,82,16.21470113,16.21470113,0,0,0,0,0,1,0,0,0,1.6,0,27.7,57.3,0,1,0,0,0,0,0,1,0,0,0,0,1,1,7752.4,58,2922,515.2324556,806.2797604,117.2,166848005.7,13.5,32.06021621,1142.36361,655334.5172,1,244.6,Recon-Host-Discovery
192.168.1.100,192.168.1.1,1780569475,10.1307611,1652.1,6,112.8,19.41305845,19.41305845,0,0,1,0,0,0,0,0,0,1,0.6,2.4,10.9,0,0,0,0,0,0,0,1,0,0,0,0,1,1,1051.4,55.6,214,68.22230413,38.85005867,57.6,166846579,13.5,11.68299233,55.06119146,1526.557118,1,244.6,Recon-Host-Discovery
192.168.1.100,192.168.1.1,1780569475,0.040360212,78,4.8,39.4,31.82278179,31.82278179,0,0,1,0,0,0,0,0,0,0.6,0.8,0,0.8,0,0,0,0,0,0,0,1,0,0,0,0,1,1,316.2,55.2,59.2,57.5684127,1.444870979,57.6,0.001047707,5.5,10.73013303,2.043356134,3.006466868,0.7,38.5,Recon-Host-Discovery
192.168.1.100,192.168.1.1,1780569475,124.5240725,7636.5,9.9,122.7,8.211220445,8.211220445,0,0,0,0,0,0,0,0,0,0.7,0.1,4.6,15.4,0,0,0,0,0,0,0,0,0,0,0,0,1,1,609.4,54,172.5,100.744127,42.20212367,122.2,0.052511406,5.5,14.10262311,59.68281565,2198.495562,0.9,38.5,Recon-Host-Discovery
192.168.1.100,192.168.1.1,1780569475,204.8093249,4922.8,11.5,107.4,1.919481172,1.919481172,0,0,0,0,0,0,0,0,0,0.3,0,11.3,21.8,0,0,0,0,0,0,0,0,0,0,0,0,1,1,575.8,58.8,233.2,94.04142857,57.92147897,157.6,0.030656004,5.5,13.58302211,81.91334111,6478.642773,0.9,38.5,Recon-Host-Discovery
192.168.1.100,192.168.1.1,1780569475,0.163700128,6057.4,17,60.8,82.03806291,82.03806291,0,0,0,0,0,0,0,0,0,0,0,0,0,0,0,0,0,0,0,0,0,1,0,0,0,1,1,1452.4,162.6,828,344.7796429,246.4049974,227.5,0.007900405,5.5,25.48722159,348.4692892,68152.9953,0.9,38.5,Recon-Host-Discovery
192.168.1.100,192.168.1.1,1780569475,0.035947871,83,6,117.1,41.32011196,41.32011196,0,0,0,1,0,1,0,0,0,0.5,1,0,1,0,0,0,0,0,0,0,1,0,0,0,0,1,1,302.6,54,56,54.66873016,0.918142724,55.6,0.001215291,5.5,10.4562264,1.298449892,1.702814563,0.5,38.5,Recon-Host-Discovery
192.168.1.100,192.168.1.1,1780569475,129.0935109,15669.6,11.5,98.3,3.468312291,3.468312291,0,0,0,0,0,0,0,0,0,0.4,0,70.7,119.3,0,0,0,0,0,0,0,0,0,0,0,0,1,1,513.4,55.2,197.2,91.19666667,49.62739141,85.6,0.020286584,5.5,13.44651541,70.18372999,3089.301984,0.9,38.5,Recon-Host-Discovery
192.168.1.100,192.168.1.1,1780569475,26.8577409,6757.4,5.4,71.1,14.89953319,14.89953319,0,0,0,0,0,0,0,0,0,0.7,0.5,37.7,62.5,0,0,0,0,0,0,0,1,0,0,0,0,1,1,320.6,56,63.6,58.42134921,2.490306112,57.4,0.016679811,5.5,10.80907424,3.521824678,8.892108781,0.7,38.5,Recon-Host-Discovery
192.168.1.100,192.168.1.1,1780569475,0.010348129,60.6,5.6,109.5,36.4613153,36.4613153,0,0,0,1,0,1,0,0,0,0.3,0.8,0,0.8,0,0,0,0,0,0,0,1,0,0,0,0,1,1,850.6,54,58,54.86350744,1.622428316,55.2,166846704,13.5,10.47544922,2.298805983,2.674185236,1,244.6,Recon-Host-Discovery
192.168.1.100,192.168.1.1,1780569475,159.8922018,24226.5,4.7,72.3,0.856350211,0.856350211,0,0,0,0,0,0,0,0,1,0.6,0,124,203.5,0,0,0,0,0,0,0,0,0,0,0,0,1,1,698,58.2,260.6,115.7736111,86.08306089,117.7,0.013340998,5.5,14.99662179,121.7398322,10489.69334,0.9,38.5,Recon-Host-Discovery
192.168.1.100,192.168.1.1,1780569475,0.903998518,333075.9,6.6,197.6,201.1834833,201.1834833,0,0,0,0,0,1,0,0,0,0,0,107.1,198.2,0,1,0,0,0,0,0,1,0,0,0,0,1,1,8472.6,778.4,2779.2,1667.84,784.7595188,1129.2,0.001609397,5.5,57.4474571,1109.817555,713280.7336,0.9,38.5,Recon-Host-Discovery
192.168.1.100,192.168.1.1,1780569475,15.13085098,569.3,6,90.3,16.39975679,16.39975679,0,0,1,0,0,0,0,0,0,0.7,0.9,3.4,5.5,0,0,0,0,0,0,0,1,0,0,0,0,1,1,899,54,73.6,57.89805477,4.583880278,59.9,166846828.6,13.5,10.76094614,6.506822473,24.75883686,1,244.6,Recon-Host-Discovery
192.168.1.100,192.168.1.1,1780569475,0.022667503,85,6,73.1,56.43139196,56.43139196,0,0,1,0,0,0,0,0,0,0.6,0.9,0,0.9,0,0,0,0,0,0,0,1,0,0,0,0,1,1,890.6,54,67.6,57.40286773,3.346911448,58,166846683,13.5,10.71642774,4.73662247,12.93347125,1,244.6,Recon-Host-Discovery
192.168.1.100,192.168.1.1,1780569475,71.8487951,2115.2,7.1,222.6,24.76711551,24.76711551,0,0,0,0,0,1,0,0,0.3,0.1,0.1,9.6,18.5,0,1,0,0,0,0,0,1,0,0,0,0,1,1,1163.2,54,135.8,74.60475588,21.39071185,97.5,166846860.4,13.5,12.15689283,28.07071212,398.2061657,1,244.6,Recon-Host-Discovery
192.168.1.100,192.168.1.1,1780569475,0.033407092,71.8,6,74.6,17.22668286,17.22668286,0,0,0,1,0,1,0,0,0,0.4,0.9,0,0.9,0,0,0,0,0,0,0,1,0,0,0,0,1,1,305,54,57.6,55.46761905,1.711510445,55.6,0.0007653,5.5,10.53238445,2.420441284,3.261197279,0.9,38.5,Recon-Host-Discovery
192.168.1.100,192.168.1.1,1780569475,0.161472487,116.6,7,36.1,16.61263994,16.61263994,0,0,0,0,0,0,0,0,0,0.4,0.3,0.2,0.5,0,0,0,0,0,0,0,1,0,0,0,0,1,1,469.5,67.5,209,101.8428571,52.87292422,74.2,0.010560298,5.5,14.05916254,74.77360651,3199.449228,0.9,38.5,Recon-Host-Discovery
192.168.1.100,192.168.1.1,1780569475,0.021154881,67.2,5.5,93.4,11.46851503,11.46851503,0,0,1,0,0,0,0,0,0,0.6,0.6,0,0.6,0,0,0,0,0,0,0,1,0,0,0,0,1,1,322.2,54,69.6,57.8231746,5.238165703,58.8,0.000326896,5.5,10.75240612,7.407884979,37.59259763,0.9,38.5,Recon-Host-Discovery
192.168.1.100,192.168.1.1,1780569475,153.8677617,33489.6,11.5,86.7,5.932679086,5.932679086,0,0,0,0,0,0,0,0,0,0,0,164.8,284.3,0,0,0,0,0,0,0,0,0,0,0,0,1,1,532.7,50,145.4,95.51916667,35.40459636,89.9,0.02862978,5.5,13.75531965,50.06966035,1425.543092,0.9,38.5,Recon-Host-Discovery
192.168.1.100,192.168.1.1,1780569475,28.85015104,40673,6,64,2.131704567,2.131704567,0,0,0,0,0,1,0,0,0,0,0,12,61.5,0,1,0,0,0,0,0,1,0,0,0,0,1,1,9259,58,1514,616.8001277,606.7631463,66,166846965.7,13.5,35.06407846,859.1221675,369152.4721,1,244.6,Recon-Host-Discovery
192.168.1.100,192.168.1.1,1780569475,0.032260704,78.4,6,50.6,23.3018986,23.3018986,0,0,1,0,0,0,0,0,0,0.7,0.7,0,0.7,0,0,0,0,0,0,0,1,0,0,0,0,1,1,308.2,54,56.8,55.4852381,1.332626927,56.8,0.001782298,5.5,10.53374065,1.884619074,2.54239229,0.7,38.5,Recon-Host-Discovery
