ip_source,ip_dest,ts,flow_duration,Header_Length,Protocol Type,Duration,Rate,Srate,Drate,fin_flag_number,syn_flag_number,rst_flag_number,psh_flag_number,ack_flag_number,ece_flag_number,cwr_flag_number,ack_count,syn_count,fin_count,urg_count,rst_count,HTTP,HTTPS,DNS,Telnet,SMTP,SSH,IRC,TCP,UDP,DHCP,ARP,ICMP,IPv,LLC,Tot sum,Min,Max,AVG,Std,Tot size,IAT,Number,Magnitue,Radius,Covariance,Variance,Weight,label
192.168.1.100,192.168.1.1,1780569475,1199.950214,46503.9,8.1,99,2.801070347,2.801070347,0,0,0,0,0,0,0,0,0,0,0,192,382.4,0,0,0,0,0,0,0,0,0,0,0,0,1,1,473.8,54,178.8,80.41730159,43.99316266,90.6,0.040131283,5.5,12.61273455,62.21572729,2707.487462,0.9,38.5,SqlInjection
192.168.1.100,192.168.1.1,1780569475,60.40408297,622,7.6,79.1,43.51148042,43.51148042,0,0,0,0,0,1,0,0,0.5,1.1,0,1.9,4.8,0,0,0,0,0,0,0,1,0,0,0,0,1,1,503.4,55.2,216.2,81.19630952,51.11088979,104.9,0.012981796,5.5,12.6107027,72.28171353,5972.854396,0.9,38.5,SqlInjection
192.168.1.101,192.168.1.1,1780569475,1.908169746,33372.2,6,59.2,22.79451635,22.79451635,0,0,0,0,0,1,0,0,0,2,0,8,42.5,0,1,0,0,0,0,0,1,0,0,0,0,1,1,7360.2,1065.6,1494,1401.576667,172.0334724,1065.6,0.002803397,5.5,52.86075736,243.2920698,100371.5946,0.3,38.5,SqlInjection
192.168.1.102,192.168.1.1,1780569475,24.58262794,117027.4,6,59.2,43.75027567,43.75027567,0,0,0,0,0,1,0,0,0.2,1.8,0,8.2,137.4,0,1,0,0,0,0,0,1,0,0,0,0,1,1,6600.6,66,1779.6,1016.810714,654.6127954,1595.4,0.011140394,5.5,43.53092757,925.7622933,499958.2961,0.9,38.5,SqlInjection
192.168.1.103,192.168.1.1,1780569475,289.3967167,5306.9,8.7,100.8,17.79110502,17.79110502,0,0,0,0,0,0,0,0,0,0.5,0,9.1,17.4,0,0,0,0,0,0,0,1,0,0,0,0,1,1,1786.5,54,235.8,113.5854768,60.92025151,140.6,166481815.3,13.5,15.07540994,86.21593122,3815.088877,1,244.6,SqlInjection
192.168.1.104,192.168.1.1,1780569475,0.010265803,79.3,14.2,68.7,323.0896446,323.0896446,0,0,0,0,0,0,0,0,0,0.1,0,0,0,0,0,0,0,0,0,0,0,1,0,0,0,1,1,361.7,52.2,91.4,68.25404762,15.17389888,66,0.01981101,5.5,11.66828582,21.45913359,266.6495187,0.9,38.5,SqlInjection
192.168.1.105,192.168.1.1,1780569475,0.149157214,550,7,52.2,262.2897338,262.2897338,0,0,0,0,0,0,0,0,0.5,1.1,0,0.9,3.5,0,0,0,0,0,0,0,1,0,0,0,0,1,1,713.1,64.2,403.5,140.0206746,129.6306511,105.5,0.012591314,5.5,16.48919954,183.3254249,19246.55043,0.9,38.5,SqlInjection
192.168.1.106,192.168.1.1,1780569475,13.14652467,1093.8,9.3,85.2,142.0608677,142.0608677,0,0,0,0,0,1,0,0,0.5,1.2,0,0.7,3,0,0,0,0,0,0,0,1,0,0,0,0,1,1,1920.7,66,441,124.525812,105.6416253,111.5,166481755.4,13.5,15.71387455,148.4037095,11050.04411,1,244.6,SqlInjection
192.168.1.107,192.168.1.1,1780569475,2421.057839,80751.7,8.7,105.6,0.382504048,0.382504048,0,0,0,0,0,1,0,0,0,0,0,327,657.9,0,0,0,0,0,0,0,1,0,0,0,0,1,1,1882.2,54,339,120.6581706,75.45332816,131.3,166482045.9,13.5,15.55089941,106.7992657,5706.292236,1,244.6,SqlInjection
192.168.1.108,192.168.1.1,1780569475,840.222052,94790.2,17,64,2.089328427,2.089328427,0,0,0,0,0,0,0,0,0,0,0,0,0,0,0,0,0,0,0,0,0,1,0,0,0,1,1,298.2,50,57.2,53.91492063,3.562462499,54,0.019043398,5.5,10.38324784,5.038082781,14.10581607,0.9,38.5,SqlInjection
192.168.1.109,192.168.1.2,1780569475,322.7571529,4982.6,8.1,55.7,8.705922201,8.705922201,0,0,0,0,0,0,0,0,0,0.3,0,6.8,10.3,0,0,0,0,0,0,0,0,0,0,0,0,1,1,586.1,64.6,263.9,102.6822222,68.83848931,98.8,0.077388,5.5,14.25380188,97.35232519,6768.005501,0.8,38.5,SqlInjection
192.168.1.110,192.168.1.3,1780569475,41.50885627,1109.5,13.2,119.4,0.24707871,0.24707871,0,0,0,0,0,0,0,0,0,0,0,2,3.7,0,0,0,0,0,0,0,0,1,0,0,0,1,1,519.3,46,197.2,92.87535714,65.59839259,89.1,0.024171996,5.5,13.53691599,92.77013647,4817.327356,0.9,38.5,SqlInjection
192.168.1.111,192.168.1.4,1780569475,911.369083,2148.9,13.1,98.7,17.77871051,17.77871051,0,0,0,0,0,0,0,0,0.2,0.2,0,2.7,4.6,0,0,0,0,0,0,0,0,1,0,0,0,1,1,812.6,57.8,295.6,137.5583333,96.93907196,130.6,0.029017591,5.5,16.37310218,137.0925503,11723.19373,0.9,38.5,SqlInjection
192.168.1.112,192.168.1.5,1780569475,303.9414643,29872.2,4.8,124.4,530.4162923,530.4162923,0,0,0,0,0,1,0,0,0.6,0.3,0,132,267.4,0,1,0,0,0,0,0,1,0,0,0,0,1,1,1340.6,43,230,86.70025351,44.80033129,80.3,166481819.4,13.5,13.17498165,63.47360432,2019.442978,1,244.6,SqlInjection
192.168.1.113,192.168.1.6,1780569475,877.5848868,4929.4,12,74.6,12.3266779,12.3266779,0,0,0,0,0,0,0,0,0,0,0,43.4,65.7,0,0,1,0,0,0,0,0,1,0,0,0,1,1,549.5,72.5,148.1,97.3718254,24.8332893,97,0.015605402,5.5,13.9401296,35.11957453,753.9788079,0.9,38.5,SqlInjection
192.168.1.114,192.168.1.7,1780569475,640.5142338,31117,7.1,116.2,40.5953456,40.5953456,0,0,0,0,1,1,0,0,0,1.1,0,129.2,255.6,0,1,0,0,0,0,0,1,0,0,0,0,1,1,642.4,66,201.4,105.9735317,43.1329706,120.7,0.006406999,5.5,14.46346793,60.99923201,2671.256431,0.9,38.5,SqlInjection
192.168.1.115,192.168.1.8,1780569475,74.14278417,11623.8,13.1,95.8,3.067489743,3.067489743,0,0,0,0,0,0,0,0,0,0.3,0,1.8,2.8,0,0,0,0,0,0,0,0,1,0,0,0,1,1,1196.2,50,191.2,77.13221602,39.64586325,72.6,166481752.8,13.5,12.42836733,56.1805817,1602.00569,1,244.6,SqlInjection
192.168.1.116,192.168.1.9,1780569475,885.1443518,7733.9,6,103,0.473284102,0.473284102,0,0,0,0,0,1,0,0,0,0.2,0,14.5,25.5,0,0,0,0,0,0,0,1,0,0,0,0,1,1,586.5,80.8,154,106.9573413,21.673266,103.7,0.025663996,5.5,14.61978349,30.65062672,785.5528103,0.8,38.5,SqlInjection
192.168.1.117,192.168.1.10,1780569475,162.4036295,17820.6,8.7,77.2,61.75157636,61.75157636,0,0,0,0,0,0,0,0,0.6,0.9,0,71.3,144.1,0,0,0,0,0,0,0,1,0,0,0,0,1,1,736,64,366.8,128.4127381,114.8159522,134.4,0.013046598,5.5,15.85228619,162.3742768,16643.4296,0.9,38.5,SqlInjection
192.168.1.118,192.168.1.11,1780569475,590.6098943,3474.2,12,118.5,10.32448913,10.32448913,0,0,0,0,0,0,0,0,0,0.3,0,2.6,3.9,0,0,0,0,0,0,0,0,1,0,0,0,1,1,453.3,64.7,141.2,85.27297619,28.16576235,98.2,0.017378902,5.5,13.0128466,39.83240311,1008.237003,0.9,38.5,SqlInjection
192.168.1.119,192.168.1.12,1780569475,515.1447711,44159.1,12.6,81.6,6.87153467,6.87153467,0,0,0,0,0,0,0,0,0.2,0.4,0,8.3,19.7,0,0,0,0,0,0,0,0,1,0,0,0,1,1,488.5,54,209.5,92.18412698,57.69297232,100.3,0.011112905,5.5,13.50084186,81.59018391,3811.696041,0.9,38.5,SqlInjection
192.168.1.120,192.168.1.13,1780569475,1489.680122,12517.1,8.2,97.9,10.20483632,10.20483632,0,0,0,0,0,0,0,0,0.4,0.4,0,38.5,77,0,0,0,0,0,0,0,0,0,0,0,0,1,1,1527,55.8,317,98.24092221,67.82874215,104.8,166482041,13.5,13.97467197,95.45711918,4565.342899,1,244.6,SqlInjection
192.168.1.121,192.168.1.14,1780569475,294.1264625,8281,7.1,149.5,82.31200606,82.31200606,0,0,0,0,0,1,0,0,0,1.8,0,1.9,9,0,1,0,0,0,0,0,1,0,0,0,0,1,1,5858.9,46,2974,387.108665,796.6873851,120.3,166482036.4,13.5,27.8218143,1128.913961,641331.9179,1,244.6,SqlInjection
192.168.1.122,192.168.1.15,1780569475,67.66530633,1481.1,9.3,64.1,45.18030331,45.18030331,0,0,0,0,0,1,0,0,0.7,1.2,0,9,17.5,0,1,0,0,0,0,0,1,0,0,0,0,1,1,386.8,67.1,78.9,70.72936508,4.752604822,72.9,0.023053694,5.5,11.89191726,6.721198196,26.49309385,0.9,38.5,SqlInjection
192.168.1.123,192.168.1.16,1780569475,387.5362386,20128.2,7.1,113.6,13.45909712,13.45909712,0,0,0,0,0,1,0,0,0.7,1,0,76.4,161.2,0,1,0,0,0,0,0,1,0,0,0,0,1,1,482.8,66,126.5,80.13900794,20.28175811,107,0.04285419,5.5,12.59978942,28.68273738,892.4668671,0.8,38.5,SqlInjection
192.168.1.124,192.168.1.17,1780569475,2268.601052,87881.6,14.8,64,12.85778991,12.85778991,0,0,0,0,0,0,0,0,0,0.4,0,0.3,1.3,0,0,0,0,0,0,0,0,1,0,0,0,1,1,1506.8,51.6,1253.8,244.4499206,427.99718,226.2,0.014663696,5.5,20.93406218,605.2794166,264361.5571,0.9,38.5,SqlInjection
192.168.1.125,192.168.1.18,1780569475,246.5614709,2029.6,6.4,67.6,25.29752564,25.29752564,0,0,0,0,0,0,0,0,0,0.1,0,16.4,26,0,0,0,0,0,0,0,0,0,0,0,0,1,1,1235.5,50,230,80.19354696,45.87708273,74.2,166481805.4,13.5,12.65905841,65.02197017,2127.457691,1,244.6,SqlInjection
192.168.1.126,192.168.1.19,1780569475,375.9596819,14833.9,9.9,69.4,25.73599633,25.73599633,0,0,0,0,0,0,0,0,0,0.1,0,68,127.7,0,0,0,0,0,0,0,0,0,0,0,0,1,1,411.3,63.1,93.8,75.3547619,10.46278528,70.6,0.026284409,5.5,12.27434987,14.79661284,127.9279717,0.9,38.5,SqlInjection
192.168.1.127,192.168.1.20,1780569475,310.4656718,2902.9,5.4,69.6,28.9715123,28.9715123,0,0,0,0,0,1,0,0,0.6,1.6,0,13.5,26.4,0,1,0,0,0,0,0,1,0,0,0,0,1,1,592.6,64.8,291.9,115.057381,86.87221788,91.2,0.017090797,5.5,15.01947652,122.8558687,8634.849249,0.9,38.5,SqlInjection
192.168.1.128,192.168.1.21,1780569475,0.028360701,865.5,6,64,586.0264198,586.0264198,0,0,0,0,0,1,0,0,0.5,1.9,0,1.2,4.6,1,0,0,0,0,0,0,1,0,0,0,0,1,1,965.5,100.4,484.5,200.6059921,153.7388258,151.3,0.003743482,5.5,19.75742527,217.4195326,26602.54405,0.9,38.5,SqlInjection
192.168.1.129,192.168.1.22,1780569475,223.5861796,17304,5.4,52,13.97916142,13.97916142,0,0,0,0,0,1,0,0,0.2,1,0,71.2,145.2,0,0,0,0,0,0,0,1,0,0,0,0,1,1,556.1,61.2,213.6,89.19873016,49.43620348,152.2,0.013172007,5.5,13.22626554,69.91334944,5195.596992,0.8,38.5,SqlInjection
192.168.1.130,192.168.1.23,1780569475,60.80846226,12245.4,17,64,3.519445545,3.519445545,0,0,0,0,0,0,0,0,0,0,0,0,0,0,0,0,0,0,0,0,0,1,0,0,0,1,1,497.6,50,257.4,84.9834127,73.4599813,82.6,0.016227889,5.5,12.89223088,103.8881018,7666.860714,0.9,38.5,SqlInjection
192.168.1.131,192.168.1.24,1780569475,935.3381542,12760.6,8.3,105.8,14.21618554,14.21618554,0,0,0,0,0,0,0,0,0.6,1.2,0,0.8,3,0,0,0,0,0,0,0,0,0,0,0,0,1,1,1592,56.4,317,101.8500057,72.85964537,114.2,166482053.7,13.5,14.282332,103.2047062,5338.965328,1,244.6,SqlInjection
192.168.1.132,192.168.1.25,1780569475,1501.902037,56002.2,7.7,68.6,9.187706334,9.187706334,0,0,0,0,0,1,0,0,0,0.3,0,225.1,441.4,0,0,0,0,0,0,0,1,0,0,0,0,1,1,786,66,291.6,123.8998016,74.10824548,183.9,0.042578077,5.5,15.54105145,104.8048858,10754.36406,0.9,38.5,SqlInjection
192.168.1.133,192.168.1.26,1780569475,0.193155527,7707.6,6,170.2,130.8377551,130.8377551,0,0,0,0,0,1,0,0,0,2,0,9,23.9,0,1,0,0,0,0,0,1,0,0,0,0,1,1,1099.8,89.5,422.7,197.6573413,133.5164175,165.5,0.0028162,5.5,19.74261953,188.8207284,21610.1676,0.9,38.5,SqlInjection
192.168.1.134,192.168.1.27,1780569475,244.193579,3204.5,5.4,106.2,1.013570892,1.013570892,0,0,0,0,0,1,0,0,0.2,0.6,0,11.5,17.6,0,0,0,0,0,0,0,1,0,0,0,0,1,1,617.4,54,284.4,108.6695238,82.24342074,102.3,0.031205606,5.5,14.59464742,116.309761,8412.335022,0.9,38.5,SqlInjection
192.168.1.135,192.168.1.28,1780569475,614.8561354,11149.8,9.3,85,27.41670486,27.41670486,0,0,0,0,0,1,0,0,0.6,1.1,0,35.5,55.6,0,0,0,0,0,0,0,1,0,0,0,0,1,1,2248.4,60,441,146.6422536,106.3217133,95.8,166482049.7,13.5,17.13569153,150.5947926,11371.17084,1,244.6,SqlInjection
192.168.1.136,192.168.1.29,1780569475,581.1994279,45573,6,100,31.75709289,31.75709289,0,0,0,0,1,1,0,0,0.6,1.6,0,184.1,373.5,0,1,0,0,0,0,0,1,0,0,0,0,1,1,1712.3,66,573,110.0988004,128.3300265,121.6,166482032.6,13.5,14.81141439,181.7793309,16590.97844,1,244.6,SqlInjection
192.168.1.137,192.168.1.30,1780569475,847.1097189,5247.4,8.2,97.3,20.12321165,20.12321165,0,0,0,0,0,1,0,0,0.5,1.1,0,14.8,33.8,0,0,0,0,0,0,0,1,0,0,0,0,1,1,2508,62.4,441,165.2542221,128.8939046,95.3,166482033.2,13.5,18.17039242,182.5992408,16694.02775,1,244.6,SqlInjection
192.168.1.138,192.168.1.31,1780569475,910.7315247,2579.2,12.1,58.8,14.16235146,14.16235146,0,0,0,0,0,0,0,0,0,0,0,0,0,0,0,0,0,0,0,0,0,1,0,0,0,1,1,734.3,54.2,315.6,125.9680952,105.6622477,148.4,0.010527086,5.5,15.74717963,149.4289837,13726.40424,0.9,38.5,SqlInjection
192.168.1.139,192.168.1.32,1780569475,304.7749169,6187.8,8.2,131.1,14.5683783,14.5683783,0,0,0,0,0,1,0,0,0.6,1.2,0,6.4,12.5,0,0,0,0,0,0,0,1,0,0,0,0,1,1,2314.6,50,569,150.4221327,141.9147177,123.1,166481825.5,13.5,17.35930695,201.0520217,20231.98197,1,244.6,SqlInjection
192.168.1.140,192.168.1.33,1780569475,218.9693832,17071.1,8.2,64,93.76358872,93.76358872,0,0,0,0,0,1,0,0,0.3,1.3,0,5.5,15.9,1,0,0,0,0,0,0,1,0,0,0,0,1,1,781.4,60.9,304.9,133.2388492,98.30839173,133.5,0.00317719,5.5,16.2141786,139.0290609,12747.9753,0.9,38.5,SqlInjection
192.168.1.141,192.168.1.34,1780569475,54.11021965,9173.9,12.1,62.5,8.261462734,8.261462734,0,0,0,0,0,0,0,0,0,0.6,0,0.1,0.6,0,0,0,0,0,0,0,0,1,0,0,0,1,1,485.2,50,215.8,80.70845238,55.57237511,85.9,0.008622003,5.5,12.59119081,78.59120657,4794.903849,0.9,38.5,SqlInjection
192.168.1.142,192.168.1.35,1780569475,477.0610191,45330.2,14.2,83.1,24.03991183,24.03991183,0,0,0,0,0,0,0,0,0,0.1,0,0,0,0,0,0,0,0,0,0,0,1,0,0,0,1,1,392,56.8,108.8,70.965,16.24373013,77.8,0.011747289,5.5,11.90446124,22.97210345,527.5204167,0.9,38.5,SqlInjection
192.168.1.143,192.168.1.36,1780569475,1215.143638,55460.5,6.6,82.7,0.64271648,0.64271648,0,0,0,0,0,1,0,0,0,1.2,0,225.4,443.2,0,0,0,0,0,0,0,1,0,0,0,0,1,1,2233.6,42,368.7,141.1230367,91.1676978,189.4,166482043.7,13.5,16.79323944,129.1840477,9418.301927,1,244.6,SqlInjection
192.168.1.144,192.168.1.37,1780569475,348.1083449,55307.7,9.3,140.5,33.15030262,33.15030262,0,0,0,0,0,1,0,0,0.2,0.6,0,14.4,73.5,0,1,0,0,0,0,0,1,0,0,0,0,1,1,732.6,70,263,129.0224206,72.48116179,132.7,0.025225902,5.5,16.01789275,102.503842,5993.06151,0.9,38.5,SqlInjection
192.168.1.145,192.168.1.38,1780569475,0.05546062,287.1,7,74.5,695.6739192,695.6739192,0,0,0,0,0,0,0,0,0.3,0.5,0,0.5,1.9,0,0,0,0,0,0,0,1,0,0,0,0,1,1,1810.7,60,441,118.5000712,104.545965,69.1,166481742.4,13.5,15.39990197,148.1086923,11026.2335,1,244.6,SqlInjection
192.168.1.146,192.168.1.39,1780569475,345.1894057,19952.6,10.4,100,22.15284715,22.15284715,0,0,0,0,0,0,0,0,0,0.5,0,73.9,147.7,0,0,0,0,0,0,0,0,0,0,0,0,1,1,1758.1,43,230,114.1520523,65.3815462,90.8,166481828.5,13.5,15.11448795,92.65520444,4300.934651,1,244.6,SqlInjection
192.168.1.147,192.168.1.40,1780569475,0.681495214,726,12.6,46.4,22.2904672,22.2904672,0,0,0,0,0,0,0,0,0.5,0.8,0,0.6,2.6,0,0,0,0,0,0,0,0,1,0,0,0,1,1,1310.3,54,251.2,83.81189672,50.18287636,104.8,166481829.1,13.5,12.95186228,71.14662325,2684.641683,1,244.6,SqlInjection
192.168.1.148,192.168.1.41,1780569475,308.7942827,17034.7,8.2,91.9,32.59557925,32.59557925,0,0,0,0,0,1,0,0,0.4,0.7,0,64.3,133.4,0,0,0,0,0,0,0,1,0,0,0,0,1,1,556.1,66,222.3,103.4795238,59.19910126,110.3,0.015077019,5.5,14.31037223,83.72017189,4015.173934,0.9,38.5,SqlInjection
192.168.1.149,192.168.1.42,1780569475,295.8447507,3347.4,9.3,83.7,24.14115117,24.14115117,0,0,0,0,0,1,0,0,0.1,1.3,0,0.6,2.1,1,0,0,0,0,0,0,1,0,0,0,0,1,1,2693,66,791,174.7315663,180.6772494,141.9,166482038.1,13.5,18.71648937,255.8821995,32834.32712,1,244.6,SqlInjection
192.168.1.150,192.168.1.43,1780569475,92.87293885,9048,8.2,61.6,8.459380284,8.459380284,0,0,0,0,0,1,0,0,0,0.7,0,41.8,80.8,0,1,0,0,0,0,0,1,0,0,0,0,1,1,1871.2,46,441,121.0353215,126.5527781,98,166481758.1,13.5,15.57237861,179.3135442,16119.77333,1,244.6,SqlInjection
192.168.1.151,192.168.1.44,1780569475,1418.795609,38277.7,4.9,53.5,16.37968191,16.37968191,0,0,0,0,0,1,0,0,0.5,0.6,0,173.2,344.3,0,0,0,0,0,0,0,1,0,0,0,0,1,1,1610.5,54,317,104.9166831,77.4576126,79.4,166482027.6,13.5,14.45940735,109.6277925,6042.111908,1,244.6,SqlInjection
192.168.1.152,192.168.1.45,1780569475,27.7472213,2244.6,14.8,83.2,283.7118846,283.7118846,0,0,0,0,0,0,0,0,0,0.1,0,5.4,12.6,0,0,0,0,0,0,0,0,1,0,0,0,1,1,1546.7,55.8,230,100.4845783,46.70554187,76.7,166481769.9,13.5,14.19133397,66.02989646,2185.520413,1,244.6,SqlInjection
192.168.1.153,192.168.1.46,1780569475,189.1614236,28473.6,12.6,68.5,8.648249027,8.648249027,0,0,0,0,0,0,0,0,0.1,0.6,0,0.3,3.2,0,0,0,0,0,0,0,0,1,0,0,0,1,1,1357.8,51.2,262,88.77272761,52.28926614,58.4,166481769.3,13.5,13.32212797,74.10525141,2753.144181,1,244.6,SqlInjection
192.168.1.154,192.168.1.47,1780569475,164.336765,16843.8,14.8,66.2,9.402166906,9.402166906,0,0,0,0,0,0,0,0,0,0,0,75.3,148.7,0,0,0,0,0,0,0,0,1,0,0,0,1,1,2362.2,66.8,230,151.421547,61.59440801,177.2,166481825.2,13.5,17.38675578,87.22872744,3806.605355,1,244.6,SqlInjection
192.168.1.155,192.168.1.48,1780569475,483.1321729,21067.3,11.5,78.9,9.55533663,9.55533663,0,0,0,0,0,0,0,0,0.3,0.8,0,74,149,0,0,0,0,0,0,0,0,0,0,0,0,1,1,775.3,108,230,158.0927778,42.36431563,115.7,0.012645507,5.5,17.6827235,59.91218972,2088.990997,0.9,38.5,SqlInjection
192.168.1.156,192.168.1.49,1780569475,318.2046436,4732,9.9,59.1,8.678447013,8.678447013,0,0,0,0,0,0,0,0,0.5,0.6,0,15.2,26.5,0,0,0,0,0,0,0,0,0,0,0,0,1,1,1834.2,51.6,367,120.4014885,99.93503654,65.4,166481806.2,13.5,15.51536736,141.5932585,10057.19343,1,244.6,SqlInjection
192.168.1.157,192.168.1.50,1780569475,65.75931251,1045.2,13.7,109.8,156.5688182,156.5688182,0,0,0,0,0,0,0,0,0,0,0,3,9.9,0,0,0,0,0,0,0,0,1,0,0,0,1,1,1314.7,52.4,123,84.71171213,24.4801243,83.4,166481759.6,13.5,13.03087592,34.49960664,596.2966158,1,244.6,SqlInjection
192.168.1.158,192.168.1.51,1780569475,16.55507092,2305.5,7.1,110.3,8.630467724,8.630467724,0,0,0,0,0,1,0,0,0,0.6,0,5.4,10.7,0,0,0,0,0,0,0,1,0,0,0,0,1,1,3813.5,55.8,1514,242.2663299,399.3627092,290.3,166481745.9,13.5,22.01599109,565.967588,161523.58,1,244.6,SqlInjection
192.168.1.159,192.168.1.52,1780569475,1886.083952,69259.1,12.6,114.1,3.093652146,3.093652146,0,0,0,0,0,0,0,0,0.1,0.2,0,246.9,498.1,0,0,0,0,0,0,0,0,1,0,0,0,1,1,1560.6,46,230,100.4066211,67.08737968,124.6,166482052.7,13.5,14.15040496,94.98744503,4516.208649,1,244.6,SqlInjection
192.168.1.160,192.168.1.53,1780569475,18.98399274,2699,7.1,78.7,17.8090374,17.8090374,0,0,0,0,0,1,0,0,0.4,1.4,0,10,20.8,1,0,0,0,0,0,0,1,0,0,0,0,1,1,861.8,66,314,150.5285317,92.35491878,146.9,0.012756205,5.5,17.2295618,130.6095787,9848.528002,0.9,38.5,SqlInjection
192.168.1.161,192.168.1.54,1780569475,2423.799604,62625.1,11.5,81.3,0.257517067,0.257517067,0,0,0,0,0,0,0,0,0,0,0,246.9,507.1,0,0,0,0,0,0,0,0,0,0,0,0,1,1,2143.4,46.8,412.2,138.0851701,113.195895,136.1,166482045.4,13.5,16.62663391,160.4548315,13042.15819,1,244.6,SqlInjection
192.168.1.162,192.168.1.55,1780569475,1137.256601,21021.3,5.4,89.8,37.34909115,37.34909115,0,0,0,0,0,1,0,0,0,1,0,96.3,186.9,0,0,0,0,0,0,0,1,0,0,0,0,1,1,2445.5,54,473,158.6367346,144.4244456,127.5,166482027.9,13.5,17.83260601,204.5253221,20964.31432,1,244.6,SqlInjection
192.168.1.163,192.168.1.56,1780569475,40.44959848,7386,9.7,75,15.4948708,15.4948708,0,0,0,0,0,0,0,0,0,0,0,29.6,59.1,0,0,0,0,0,0,0,0,0,0,0,0,1,1,659.1,60,175.9,106.1551587,43.89402331,124,0.036501002,5.5,14.41555812,62.07552307,2555.053543,0.8,38.5,SqlInjection
192.168.1.164,192.168.1.57,1780569475,1424.16297,37823.3,11.5,62.5,13.82058029,13.82058029,0,0,0,0,0,0,0,0,0.5,0.7,0,4.1,8.3,0,0,0,0,0,0,0,0,0,0,0,0,1,1,385,50.8,119.6,64.30857143,20.98810732,90.6,0.009149194,5.5,11.28105594,29.68166602,1529.670567,0.9,38.5,SqlInjection
192.168.1.165,192.168.1.58,1780569475,0.024779272,861.3,6,64,1281.769663,1281.769663,0,0,0,0,0,1,0,0,0.6,1.8,0,1.1,4.2,1,0,0,0,0,0,0,1,0,0,0,0,1,1,2362,66,639,151.4009211,178.2438137,159,166481761.2,13.5,17.41760323,252.6215018,32023.98167,1,244.6,SqlInjection
192.168.1.166,192.168.1.59,1780569475,1539.722904,63939.4,10.4,80.8,14.49073697,14.49073697,0,0,0,0,0,0,0,0,0.5,0.7,0,7.4,29.5,0,0,0,0,0,0,0,1,0,0,0,0,1,1,446.7,55.6,117.3,83.13404762,25.35443475,75.4,0.007228398,5.5,12.86949008,35.85658549,719.4154711,0.9,38.5,SqlInjection
192.168.1.167,192.168.1.60,1780569475,2202.075539,81709.9,11.5,96.5,5.951857767,5.951857767,0,0,0,0,0,0,0,0,0,0,0,162.2,327.6,0,0,0,0,0,0,0,0,0,0,0,0,1,1,515.3,55.7,135.4,93.01011905,29.31807789,89.1,0.00918479,5.5,13.61923056,41.46202337,983.4845356,0.9,38.5,SqlInjection
192.168.1.168,192.168.1.61,1780569475,295.598436,14035.9,7.1,64,160.7768712,160.7768712,0,0,0,0,0,1,0,0,0.6,1.3,0,1.1,4.4,1,0,0,0,0,0,0,1,0,0,0,0,1,1,3183.4,50,1696,209.4972292,408.4977176,269.8,166482037.8,13.5,20.46860384,578.9014498,168622.8227,1,244.6,SqlInjection
192.168.1.169,192.168.1.62,1780569475,860.631708,23396.9,7.1,113,37.36690626,37.36690626,0,0,0,0,0,1,0,0,0,1.3,0,93.7,186,0,1,0,0,0,0,0,1,0,0,0,0,1,1,1318.8,66,235.6,83.42605826,39.63566375,147.9,166482030,13.5,12.84797115,56.08605796,2998.511013,1,244.6,SqlInjection
192.168.1.170,192.168.1.63,1780569475,83.12402227,3498.8,10.9,151.6,10.32253703,10.32253703,0,0,0,0,0,0,0,0,0,0.6,0,0.5,1.3,0,0,0,0,0,0,0,0,0,0,0,0,1,1,4304.5,64.8,2526,282.7944768,601.1012063,139.2,166481760.7,13.5,23.79006531,851.8564769,365518.8764,1,244.6,SqlInjection
192.168.1.171,192.168.1.64,1780569475,945.9473972,12349.5,6.6,62.5,19.51184277,19.51184277,0,0,0,0,0,1,0,0,0.1,1,0,27.6,47,0,0,0,0,0,0,0,1,0,0,0,0,1,1,1200.4,94,733.4,252.172619,237.1865818,177.4,0.018727493,5.5,22.1024069,335.4324807,63502.12138,0.9,38.5,SqlInjection
192.168.1.172,192.168.1.65,1780569475,1894.456259,94518.8,12.6,127.3,2.734406203,2.734406203,0,0,0,0,0,0,0,0,0,0.1,0,365.5,731.1,0,0,0,0,0,0,0,0,1,0,0,0,1,1,1865.2,42,230,120.279194,68.94559193,138.8,166482052.7,13.5,15.47370387,97.12876853,4722.181608,1,244.6,SqlInjection
192.168.1.173,192.168.1.66,1780569475,481.6690472,28135.8,9.9,79.1,5.306426448,5.306426448,0,0,0,0,0,0,0,0,0.2,0.2,0,111.5,221.7,0,0,0,0,0,0,0,0,0,0,0,0,1,1,486.7,56,141.2,88.26543651,31.44804926,84.9,0.070676994,5.5,13.25978249,44.47425777,1140.534064,0.9,38.5,SqlInjection
192.168.1.174,192.168.1.67,1780569475,600.2935676,28917.7,9.3,64,22.49082925,22.49082925,0,0,0,0,0,1,0,0,0.8,1.3,0,1,4.4,1,0,0,0,0,0,0,1,0,0,0,0,1,1,1907.8,54.8,1619.6,342.8312698,577.9053526,259.6,0.003838181,5.5,24.97683132,817.2815875,425747.8341,0.9,38.5,SqlInjection
192.168.1.175,192.168.1.68,1780569475,24.17030809,12214.9,6,91.6,95.79145854,95.79145854,0,0,0,0,0,1,0,0,0.1,1.8,0,11.1,23.7,0,1,0,0,0,0,0,1,0,0,0,0,1,1,921,54,616.8,135.8632143,185.8807701,180.3,0.003192401,5.5,15.75854701,262.875106,67937.8889,0.9,38.5,SqlInjection
192.168.1.176,192.168.1.69,1780569475,175.3746493,6112.5,6.5,109.7,0.303457513,0.303457513,0,0,0,0,0,1,0,0,0,0,0,18.3,48.4,0,1,0,0,0,0,0,1,0,0,0,0,1,1,403.1,54,105.2,69.88833333,20.22813147,75.5,0.028576708,5.5,11.7999529,28.60689787,514.5509405,0.8,38.5,SqlInjection
192.168.1.177,192.168.1.70,1780569475,885.1443518,7733.9,6,103,0.473284102,0.473284102,0,0,0,0,0,1,0,0,0,0.2,0,14.5,25.5,0,0,0,0,0,0,0,1,0,0,0,0,1,1,586.5,80.8,154,106.9573413,21.673266,103.7,0.025663996,5.5,14.61978349,30.65062672,785.5528103,0.8,38.5,SqlInjection
192.168.1.178,192.168.1.71,1780569475,41.30697751,1595.7,11.5,177.2,7.710960749,7.710960749,0,0,0,0,0,0,0,0,0.3,0.2,0,3.5,6,0,0,0,0,0,0,0,0,0,0,0,0,1,1,802.9,71.7,208.6,140.9290873,55.72537388,146.7,0.024566102,5.5,16.74806661,78.8075795,3581.029572,0.9,38.5,SqlInjection
192.168.1.179,192.168.1.72,1780569475,66.04520102,3170.8,9.3,133.9,14.12048974,14.12048974,0,0,0,0,0,1,0,0,0.2,1.2,0,3.1,8.4,0,0,0,0,0,0,0,1,0,0,0,0,1,1,878.8,75.1,343.2,154.3913095,94.50267335,167.8,0.009663296,5.5,17.51428693,133.6469623,11031.05482,0.9,38.5,SqlInjection
192.168.1.180,192.168.1.73,1780569475,231.5372996,5305.2,5.9,86.2,0.256439865,0.256439865,0,0,0,0,0,1,0,0,0,0,0,30,57.8,0,0,0,0,0,0,0,1,0,0,0,0,1,1,1354.6,50,230,87.26592261,51.49565418,84,166481771.4,13.5,13.21812835,72.97571675,2669.090992,1,244.6,SqlInjection
192.168.1.181,192.168.1.74,1780569475,355.1777408,7667.3,11.5,86.6,33.36822525,33.36822525,0,0,0,0,0,0,0,0,0.2,0.7,0,0.4,1.5,0,0,0,0,0,0,0,0,0,0,0,0,1,1,807.3,68.4,247.4,129.3114683,74.62573551,190.3,0.021609378,5.5,15.91965231,105.5367273,7219.972354,0.9,38.5,SqlInjection
192.168.1.182,192.168.1.75,1780569475,557.1657886,47965.5,10.4,60,9.527536881,9.527536881,0,0,0,0,0,1,0,0,0.4,0.6,0,60.4,91.8,0,0,0,0,0,0,0,1,0,0,0,0,1,1,446,53.2,122.3,75.24583333,26.18941184,83.9,0.004981494,5.5,12.22131965,37.03742141,1157.17868,0.9,38.5,SqlInjection
192.168.1.183,192.168.1.76,1780569475,134.6150964,8587.5,7.1,153.7,8.24078577,8.24078577,0,0,0,0,0,1,0,0,0.3,2.4,0.9,28.9,45.6,0,0,0,0,0,0,0,1,0,0,0,0,1,1,918.1,104.6,488,207.2736905,144.2362705,134.1,0.029637098,5.5,19.91034766,203.9808899,23802.81619,0.9,38.5,SqlInjection
192.168.1.184,192.168.1.77,1780569475,19.03666043,1627.5,7.1,81.6,140.067781,140.067781,0,0,0,0,0,1,0,0,0.4,1.7,0,0.9,3.8,1,0,0,0,0,0,0,1,0,0,0,0,1,1,2510.1,66,645,162.0593415,175.3608177,142.7,166481761.2,13.5,18.02194364,248.5035941,31006.85486,1,244.6,SqlInjection
192.168.1.185,192.168.1.78,1780569475,574.6128225,3476.4,9.7,57.6,180.7697496,180.7697496,0,0,0,0,0,0,0,0,0,0,0,27.8,45.7,0,0,0,0,0,0,0,0,0,0,0,0,1,1,498.5,76.6,152,99.86400794,26.48991396,80.7,0.013033295,5.5,14.06837962,37.46239559,790.6335312,0.9,38.5,SqlInjection
192.168.1.186,192.168.1.79,1780569475,0.182276583,478.7,4.8,45.4,24.07005612,24.07005612,0,0,0,0,0,1,0,0,0.5,1.4,0,0.9,3.6,0,1,0,0,0,0,0,1,0,0,0,0,1,1,1983.9,61.8,441,129.6682375,111.757687,91.4,166481771.7,13.5,16.1087752,158.3333799,12566.32627,1,244.6,SqlInjection
192.168.1.187,192.168.1.80,1780569475,1197.154956,11565.6,7.1,81,132.5510979,132.5510979,0,0,0,0,0,1,0,0,0,0.8,0,37.1,86.4,0,0,0,0,0,0,0,1,0,0,0,0,1,1,518.2,64.1,199.4,86.21948413,40.92394566,134.4,0.010193515,5.5,13.01554843,57.87519898,7069.647575,0.9,38.5,SqlInjection
192.168.1.188,192.168.1.81,1780569475,12.62003002,1070.7,8.6,87.3,13.78937461,13.78937461,0,0,0,0,0,0,0,0,0,0.4,0,0.8,2.5,0,0,0,0,0,0,0,0,0,0,0,0,1,1,530.3,54,212.4,97.75146825,59.26037436,90,0.011458492,5.5,13.89918506,83.80682514,4039.765997,0.9,38.5,SqlInjection
192.168.1.189,192.168.1.82,1780569475,2439.017149,67683.4,9.9,140,0.446185821,0.446185821,0,0,0,0,0,0,0,0,0,0.2,0,238.5,471.8,0,0,0,0,0,0,0,0,0,0,0,0,1,1,836.9,89.3,225.2,159.5332143,58.15073375,149.1,0.022133803,5.5,17.82402506,82.23755633,3826.11252,0.9,38.5,SqlInjection
192.168.1.190,192.168.1.83,1780569475,11.42259645,1004.6,8.2,74.8,45.60864026,45.60864026,0,0,0,0,0,1,0,0,0,0.8,0,4.3,7,0,0,0,0,0,0,0,1,0,0,0,0,1,1,552,69.6,145.2,96.81611111,29.78441583,97,0.017468715,5.5,13.89382186,42.12152482,1175.97087,0.9,38.5,SqlInjection
192.168.1.191,192.168.1.84,1780569475,67.26846886,1895.9,7.1,61.7,117.0187823,117.0187823,0,0,0,0,0,1,0,0,0.7,1.6,0,2.9,7.5,1,0,0,0,0,0,0,1,0,0,0,0,1,1,3120.2,66,1746,205.9601498,418.3862467,240.1,166481812.5,13.5,20.28636294,592.9312564,176991.7377,1,244.6,SqlInjection
192.168.1.192,192.168.1.85,1780569475,141.2652233,14982.4,8.2,53.3,13.60475296,13.60475296,0,0,0,0,0,0,0,0,0.5,1,0,0.7,3,0,0,0,0,0,0,0,0,0,0,0,0,1,1,1203.8,50,259.4,77.0443739,50.21398537,104.1,166481812.8,13.5,12.41084088,71.31122437,2937.612424,1,244.6,SqlInjection
192.168.1.193,192.168.1.86,1780569475,116.7387956,7131.9,7.1,113.3,5.377830488,5.377830488,0,0,0,0,1,1,0,0,0.4,0.4,0,29.1,55.1,0,1,0,0,0,0,0,1,0,0,0,0,1,1,761.9,66,248.7,118.834127,68.3653705,151.2,0.022244596,5.5,15.16748797,96.68323415,7699.623422,0.8,38.5,SqlInjection
192.168.1.194,192.168.1.87,1780569475,432.3569437,37963.9,9.3,122.3,3.234621413,3.234621413,0,0,0,0,0,1,0,0,0,0.6,0,161.8,328.8,0,1,0,0,0,0,0,1,0,0,0,0,1,1,1150.6,93.3,413.4,227.6361905,123.1915343,172,0.020465088,5.5,21.22264743,174.2191386,17181.63881,0.9,38.5,SqlInjection
192.168.1.195,192.168.1.88,1780569475,162.4424701,37420.5,10.4,60.7,10.4474193,10.4474193,0,0,0,0,0,1,0,0,0.2,0.6,0,81.4,163.4,0,0,0,0,0,0,0,1,0,0,0,0,1,1,1494.1,50,441,96.20244017,99.77343524,96.1,166481769.3,13.5,13.88036508,141.4181685,10025.4536,1,244.6,SqlInjection
192.168.1.196,192.168.1.89,1780569475,156.817298,3920,11.4,83.1,23.43199294,23.43199294,0,0,0,0,0,0,0,0,0,0.1,0,7.5,13.5,0,0,0,0,0,0,0,0,1,0,0,0,1,1,1607.1,60,237.5,103.4974057,53.13057201,116,166481821,13.5,14.30225591,72.07772978,2608.293056,1,244.6,SqlInjection
192.168.1.197,192.168.1.90,1780569475,726.7281158,14141.5,8.2,153.9,0.162406741,0.162406741,0,0,0,0,0,1,0,0,0,0,0,59.3,100.6,0,0,0,0,0,0,0,1,0,0,0,0,1,1,1427,46,200.4,90.77793331,45.84496812,110.8,166481815.1,13.5,13.46897061,65.00407538,2202.909768,1,244.6,SqlInjection
192.168.1.198,192.168.1.91,1780569475,311.549637,36868.7,7.1,120.9,46.03389129,46.03389129,0,0,0,0,0,1,0,0,0,1.6,0,128.4,259.8,0,1,0,0,0,0,0,1,0,0,0,0,1,1,3490,69,1510.3,460.8243254,526.7040695,1371.7,0.005383706,5.5,28.07804311,744.8720385,630540.0274,0.9,38.5,SqlInjection
192.168.1.199,192.168.1.92,1780569475,174.7893806,3808,9.3,83.5,40.53816372,40.53816372,0,0,0,0,0,1,0,0,0.5,1.1,0,5.4,10.3,0,0,0,0,0,0,0,1,0,0,0,0,1,1,616.8,66,291.8,100.9782937,77.90425942,123.1,0.009197593,5.5,14.05407859,110.1732602,10110.62919,0.8,38.5,SqlInjection
192.168.1.200,192.168.1.93,1780569475,57.86355481,2174.7,14.2,76.8,79.90328554,79.90328554,0,0,0,0,0,0,0,0,0,0.1,0,0,0,0,0,0,0,0,0,0,0,1,0,0,0,1,1,778.5,62.8,176.8,123.9780556,47.26535817,164.7,0.011378098,5.5,15.57265178,66.84331055,2994.6451,0.9,38.5,SqlInjection
192.168.1.201,192.168.1.94,1780569475,1149.006761,5794.3,8.7,77.8,15.49194388,15.49194388,0,0,0,0,0,1,0,0,0.1,1,0,16.5,27.5,0,0,0,0,0,0,0,1,0,0,0,0,1,1,1898,58,341.9,120.5364333,81.69837314,165.2,166482036.6,13.5,15.47032092,115.4319018,7031.541698,1,244.6,SqlInjection
192.168.1.202,192.168.1.95,1780569475,12.23204939,1558.2,8.2,117.5,141.0590719,141.0590719,0,0,0,0,0,1,0,0,0.3,1.3,0,1.6,4.5,0,0,0,0,0,0,0,1,0,0,0,0,1,1,3374.8,60,1113.2,207.2523297,291.0794951,417.1,166481754.9,13.5,20.12873091,413.1497684,113376.625,1,244.6,SqlInjection
192.168.1.203,192.168.1.96,1780569475,0.254859447,517.2,8.2,64.6,44.36822429,44.36822429,0,0,0,0,0,1,0,0,0.5,1.6,0.1,0.8,3.4,1,0,0,0,0,0,0,1,0,0,0,0,1,1,534.2,67.6,220.8,88.55480159,49.60186488,108.3,0.013726807,5.5,13.2155814,70.14763003,5811.689068,0.8,38.5,SqlInjection
192.168.1.204,192.168.1.97,1780569475,307.8978273,25239.8,7.1,58.1,27.44317455,27.44317455,0,0,0,0,0,1,0,0,0.4,1.5,0,110.8,223.3,0,1,0,0,0,0,0,1,0,0,0,0,1,1,478.9,66,170,80.68337302,33.72491694,93.8,0.016945314,5.5,12.65044485,47.69423492,2597.48754,0.9,38.5,SqlInjection
192.168.1.205,192.168.1.98,1780569475,0.049996781,562.3,7.1,143.5,79.14067877,79.14067877,0,0,0,0,0,1,0,0,0,1.5,0,1,3.6,1,0,0,0,0,0,0,1,0,0,0,0,1,1,1763.2,54,298.2,112.7893774,68.39055581,145,166481813.8,13.5,15.01918819,97.09034659,5176.343899,1,244.6,SqlInjection
192.168.1.206,192.168.1.99,1780569475,1447.628173,59449.2,11.5,60,15.78309365,15.78309365,0,0,0,0,0,0,0,0,0.1,1,0,0.6,2,0,0,0,0,0,0,0,0,0,0,0,0,1,1,1147.7,50,232.6,73.08785596,42.30591718,86.2,166482031.8,13.5,12.08460266,60.01374799,2301.020472,1,244.6,SqlInjection
192.168.1.207,192.168.1.100,1780569475,0.063621211,917.3,6,64,183.9977392,183.9977392,0,0,0,0,0,1,0,0,0.7,1.4,0,1.1,4.2,1,0,0,0,0,0,0,1,0,0,0,0,1,1,2293.9,66,647,148.6704079,172.3949708,215.7,166482044.7,13.5,17.08450089,239.1798572,28686.77662,1,244.6,SqlInjection
192.168.1.208,192.168.1.101,1780569475,224.3437293,6037.2,7.6,71.4,13.11612735,13.11612735,0,0,0,0,0,1,0,0,0.5,1,0,20.4,34.1,0,0,0,0,0,0,0,1,0,0,0,0,1,1,2516.2,60,343.4,163.1186427,109.1856577,123.2,166481817.1,13.5,18.0825872,154.5517791,11949.85211,1,244.6,SqlInjection
192.168.1.209,192.168.1.102,1780569475,905.8740687,4800.7,9.3,111.4,40.9631565,40.9631565,0,0,0,0,0,1,0,0,0.3,0.9,0,0.3,33.6,0,0,0,0,0,0,0,1,0,0,0,0,1,1,1422.4,60,353,91.75077045,72.24032392,88.3,166482044.5,13.5,13.55584606,102.3635032,5264.493937,1,244.6,SqlInjection
192.168.1.210,192.168.1.103,1780569475,366.6263476,20521.4,8.1,103.7,2.74745762,2.74745762,0,0,0,0,0,0,0,0,0.3,0.4,0,13.4,31.6,0,0,0,0,0,0,0,0,0,0,0,0,1,1,590.2,77,230,120.5579365,60.11035872,107.6,0.050979996,5.5,15.36981039,85.00888454,4102.566603,0.9,38.5,SqlInjection
192.168.1.211,192.168.1.104,1780569475,112.667833,2356.4,11.5,99.6,219.7252268,219.7252268,0,0,0,0,0,0,0,0,0,0,0,14.3,31.5,0,0,0,0,0,0,0,0,0,0,0,0,1,1,1627.4,54,357,104.5343265,86.64819643,131.3,166481765,13.5,14.46772973,122.7941253,7588.274876,1,244.6,SqlInjection
192.168.1.212,192.168.1.105,1780569475,886.7147381,8348.2,7.1,117.9,300.0564152,300.0564152,0,0,0,0,0,1,0,0,0.2,1.2,0,32.2,46.3,1,0,0,0,0,0,0,1,0,0,0,0,1,1,723.6,66,324.3,133.9365079,101.8985522,123.1,0.0107481,5.5,16.22942778,144.1063146,11796.57823,0.9,38.5,SqlInjection
192.168.1.213,192.168.1.106,1780569475,904.0928567,24941.6,8.2,67.2,11.76617153,11.76617153,0,0,0,0,0,0,0,0,0,0.8,0,106.8,214.3,0,0,0,0,0,0,0,0,0,0,0,0,1,1,784.9,92.5,339,166.4911111,99.39599344,127.1,0.008772111,5.5,17.9938897,140.567162,11041.19448,0.9,38.5,SqlInjection
192.168.1.214,192.168.1.107,1780569475,431.8402447,9101.8,8.1,130.6,0.110991911,0.110991911,0,0,0,0,0,0,0,0,0,0,0,9,14.7,0,0,0,0,0,0,0,0,0,0,0,0,1,1,1779.8,46,230,114.1960325,71.86757922,134.8,166481814.2,13.5,15.07289462,101.4016146,5149.281865,1,244.6,SqlInjection
192.168.1.215,192.168.1.108,1780569475,122.0352072,10432.4,8.8,131.5,1.692767159,1.692767159,0,0,0,0,0,1,0,0,0,1,0,35.4,68,0,0,0,0,0,0,0,1,0,0,0,0,1,1,1447.9,55.2,411,93.47600072,86.07308061,126.2,166481762.9,13.5,13.670863,122.0071403,7490.201014,1,244.6,SqlInjection
192.168.1.216,192.168.1.109,1780569475,37.80117347,3106,11.6,125,0.480741455,0.480741455,0,0,0,0,0,0,0,0,0,0,0,9.2,17.8,0,0,0,0,0,0,0,0,1,0,0,0,1,1,1991.6,66,230,128.544527,62.05306624,124.8,166481748.7,13.5,16.05050579,87.78884241,3855.36707,1,244.6,SqlInjection
192.168.1.217,192.168.1.110,1780569475,0.03159523,1020.5,6,64,202.0405033,202.0405033,0,0,0,0,0,1,0,0,0.8,1.9,0,1.3,5.1,1,0,0,0,0,0,0,1,0,0,0,0,1,1,2125.1,66,645,137.8594803,165.5909672,100.5,166481761.2,13.5,16.62033983,234.6447165,27590.98435,1,244.6,SqlInjection
192.168.1.218,192.168.1.111,1780569475,1.206868982,872.8,6,58.2,18.18195073,18.18195073,0,0,0,0,0,1,0,0,0.7,1.8,0,1.3,5.2,0,1,0,0,0,0,0,1,0,0,0,0,1,1,1853.1,66,441,120.4462205,105.2568462,92.6,166481808.5,13.5,15.52770501,149.1565474,11145.85073,1,244.6,SqlInjection
192.168.1.219,192.168.1.112,1780569475,0.06144495,841.8,6,62.5,207.7697843,207.7697843,0,0,0,0,0,1,0,0,0.4,1.8,0,1.1,4.4,1,0,0,0,0,0,0,1,0,0,0,0,1,1,664.7,66,282.4,103.0087698,74.58458001,182.6,0.001482391,5.5,14.11415962,105.4785246,10611.81487,0.6,38.5,SqlInjection
192.168.1.220,192.168.1.113,1780569475,20.65461135,1296.9,8.2,78.7,37.76696579,37.76696579,0,0,0,0,0,1,0,0,0.3,1.4,0,1.8,5.3,0,0,0,0,0,0,0,1,0,0,0,0,1,1,1311.9,82,875,227.0756746,270.0700164,250.6,0.005717111,5.5,20.99509921,381.93668,108731.0425,0.9,38.5,SqlInjection
192.168.1.221,192.168.1.114,1780569475,75.10267081,4017.9,8.2,88.9,13.5625408,13.5625408,0,0,0,0,0,1,0,0,0.6,1.6,0,2.3,6.2,1,0,0,0,0,0,0,1,0,0,0,0,1,1,3805.9,66,1777.8,247.0226392,419.1719601,271.1,166481816.7,13.5,22.19354264,594.0557164,185738.7591,1,244.6,SqlInjection
192.168.1.222,192.168.1.115,1780569475,295.6530232,14017.1,7.1,64,69.85972449,69.85972449,0,0,0,0,0,1,0,0,0.7,1.4,0,1,4.7,1,0,0,0,0,0,0,1,0,0,0,0,1,1,1200.3,62,898.5,175.524881,277.9044567,232.5,0.001402688,5.5,17.74228289,393.0162516,153404.7362,0.9,38.5,SqlInjection
192.168.1.223,192.168.1.116,1780569475,0.018106508,81.7,9.3,106.3,210.344044,210.344044,0,0,0,0,0,0,0,0,0,0.5,0,0,0.1,0,0,0,0,0,0,0,0,0,0,0,0,1,1,1275.5,46,230,82.31818778,43.5040149,77.4,166481762.6,13.5,12.84016323,61.61787969,1908.4607,1,244.6,SqlInjection
192.168.1.224,192.168.1.117,1780569475,599.0583124,5823.8,9.8,89.3,26.12855705,26.12855705,0,0,0,0,0,0,0,0,0,0.9,0,16.7,23.7,0,0,0,0,0,0,0,0,0,0,0,0,1,1,457.6,48.8,153.6,76.75031746,35.7341689,97.4,0.018076301,5.5,12.32928622,50.53574629,2005.644417,0.9,38.5,SqlInjection
192.168.1.225,192.168.1.118,1780569475,537.3309032,23226.4,12.1,170.2,4.043503257,4.043503257,0,0,0,0,0,0,0,0,0,0,0,65,134,0,0,0,0,0,0,0,0,1,0,0,0,1,1,687.4,57.6,194,112.9501587,58.98364507,135.2,0.033643794,5.5,14.91717699,83.41547082,4280.640979,0.9,38.5,SqlInjection
192.168.1.226,192.168.1.119,1780569475,51.07297254,1373.9,15.9,108.1,84.60892065,84.60892065,0,0,0,0,0,0,0,0,0,0,0,1.9,2.6,0,0,0,0,0,0,0,0,1,0,0,0,1,1,523.1,46,180.4,90.36194444,60.33362551,89.1,0.019992113,5.5,13.29109929,85.32463147,4586.16174,0.8,38.5,SqlInjection
192.168.1.227,192.168.1.120,1780569475,1743.359176,47687.8,6.9,93.4,0.211560462,0.211560462,0,0,0,0,0,0,0,0,0,0,0,184.8,368.4,0,0,0,0,0,0,0,0,0,0,0,0,1,1,482.5,54.6,140.8,77.9697619,31.80845158,106.9,0.04077549,5.5,12.38352637,44.98394362,1886.365777,0.9,38.5,SqlInjection
192.168.1.228,192.168.1.121,1780569475,244.1620185,12272,7.1,83.1,328.3432147,328.3432147,0,0,0,0,0,1,0,0,0,1.1,0,50.4,99.4,1,0,0,0,0,0,0,1,0,0,0,0,1,1,825.3,86.3,406.4,150.0518254,107.8795199,158.2,0.005787206,5.5,17.20343596,152.5646802,17452.69973,0.9,38.5,SqlInjection
192.168.1.229,192.168.1.122,1780569475,36.17948344,1520.1,11.5,57.9,8.890242521,8.890242521,0,0,0,0,0,0,0,0,0,0.6,0,4.6,8.4,0,0,0,0,0,0,0,0,0,0,0,0,1,1,1402.1,57,279.9,90.49602009,53.24335544,108.3,166481759.9,13.5,13.31810061,69.01506783,2394.677912,1,244.6,SqlInjection
192.168.1.230,192.168.1.123,1780569475,301.9679022,5159.8,9.8,60.7,11.29176124,11.29176124,0,0,0,0,0,0,0,0,0.5,0.6,0,18.1,30.2,0,0,0,0,0,0,0,0,0,0,0,0,1,1,752.9,62.4,258.6,119.0644841,78.93458337,165.2,0.019376802,5.5,15.21480674,111.6303583,8934.690286,0.7,38.5,SqlInjection
192.168.1.231,192.168.1.124,1780569475,0.187076235,486,8.3,72.7,69949.61007,69949.61007,0,0,0,0,0,0,0,0,0,1,0,0.4,2,0,0,0,0,0,0,0,0,0,0,0,0,1,1,737.3,64,331.7,114.7968254,82.51708831,201.4,0.01457839,5.5,14.87980952,116.6967854,24236.06741,0.9,38.5,SqlInjection
192.168.1.232,192.168.1.125,1780569475,102.215984,18360.1,17,76.8,206.6919271,206.6919271,0,0,0,0,0,0,0,0,0,0,0,0,0,0,0,0,0,0,0,0,0,1,0,0,0,1,1,939.5,43,92.4,60.5240775,14.06522238,61.8,166481767.8,13.5,11.00593386,19.92043373,201.3570524,1,244.6,SqlInjection
192.168.1.233,192.168.1.126,1780569475,2362.553583,11090.6,5.5,81.3,0.076489795,0.076489795,0,0,0,0,0,1,0,0,0.1,0.2,0,83.7,139.5,0,0,0,0,0,0,0,1,0,0,0,0,1,1,418.3,68.2,86.5,75.42571429,7.476914694,80.5,0.026139379,5.5,12.27982801,10.57395417,78.62640363,0.8,38.5,SqlInjection
192.168.1.234,192.168.1.127,1780569475,1733.589425,64378.8,10.3,63.6,0.277219069,0.277219069,0,0,0,0,0,0,0,0,0,0,0,262.9,525.9,0,0,0,0,0,0,0,0,0,0,0,0,1,1,517.4,61.2,156,101.9480159,41.52322858,85.2,0.021083713,5.5,14.2208736,58.72271302,1918.711511,0.9,38.5,SqlInjection
192.168.1.235,192.168.1.128,1780569475,124.5670889,5434.2,8.2,107.1,1286.809949,1286.809949,0,0,0,0,0,1,0,0,0.2,0.2,0.1,10.3,17.2,0,0,0,0,0,0,0,1,0,0,0,0,1,1,1075.6,70,524,170.7753175,148.949304,193.1,0.0120471,5.5,18.10039508,210.6461259,33952.92025,0.9,38.5,SqlInjection
192.168.1.236,192.168.1.129,1780569475,81.05155342,3188.3,7,123.3,0.276247565,0.276247565,0,0,0,0,0,1,0,0,1.8,0.2,0,7.2,18.5,0,0,0,0,0,0,0,1,0,0,0,0,1,1,1918.2,60,230,124.4671676,70.6381254,110,166481753.8,13.5,15.74381488,99.68328511,4973.122927,1,244.6,SqlInjection
192.168.1.237,192.168.1.130,1780569475,64.63413749,6539,12.6,150.9,0.781091535,0.781091535,0,0,0,0,0,0,0,0,0,0,0,19.5,38.6,0,0,0,0,0,0,0,0,1,0,0,0,1,1,913,56.4,316.2,160.5387302,97.21263816,156.2,0.027608395,5.5,17.77985719,137.4794313,10770.19836,0.9,38.5,SqlInjection
192.168.1.238,192.168.1.131,1780569475,237.4704748,17587.8,7.7,90.1,15.24582539,15.24582539,0,0,0,0,0,1,0,0,0.7,1.2,0,65.5,132.9,0,1,0,0,0,0,0,1,0,0,0,0,1,1,451.2,56.8,149.4,77.32178571,28.79669966,90.3,0.02951262,5.5,12.40384584,40.72468321,1598.091139,0.7,38.5,SqlInjection
192.168.1.239,192.168.1.132,1780569475,204.9093907,3152.6,13.7,76.2,77.60807766,77.60807766,0,0,0,0,0,0,0,0,0,0.3,0,0.1,0.3,0,0,0,0,0,0,0,0,1,0,0,0,1,1,2026.8,53,233.2,132.1580276,72.02903865,99.6,166481810.8,13.5,16.20454625,101.1694279,5121.055681,1,244.6,SqlInjection
192.168.1.240,192.168.1.133,1780569475,257.9915929,5931.8,9.3,76.3,17.72380254,17.72380254,0,0,0,0,0,1,0,0,0.7,1.4,0,1,4.2,0,1,0,0,0,0,0,1,0,0,0,0,1,1,5383.6,62,2190,357.0537225,563.75602,78.3,166481828.4,13.5,26.70210569,798.6884825,320469.5118,1,244.6,SqlInjection
192.168.1.241,192.168.1.134,1780569475,515.1172564,55137.9,13.7,62.6,8.018644635,8.018644635,0,0,0,0,0,0,0,0,0.1,0.6,0,0.3,1.2,0,0,0,0,0,0,0,0,1,0,0,0,1,1,1318,50,317,86.0631219,72.85731013,58,166481815.8,13.5,13.11817495,103.2628548,5362.53351,1,244.6,SqlInjection
192.168.1.242,192.168.1.135,1780569475,120.2112611,427,8.2,61.6,105040.234,105040.234,0,0,0,0,0,0,0,0,0,0,0,0.8,5.9,0,0,0,0,0,0,0,0,0,0,0,0,1,1,1081.4,46,121,69.13790448,20.27849447,80.6,166481804,13.5,11.74424099,28.67714181,434.5945439,1,244.6,SqlInjection
192.168.1.243,192.168.1.1,1780569475,0.09646697,360.6,7.1,56.4,38.27409012,38.27409012,0,0,0,0,0,1,0,0,0.1,1.2,0,0.6,2.1,1,0,0,0,0,0,0,1,0,0,0,0,1,1,1398.7,46,299.7,88.39238013,64.28136078,128.1,166482051.6,13.5,13.2751123,91.2439369,4679.094437,1,244.6,SqlInjection
192.168.1.244,192.168.1.1,1780569475,72.33657246,5503.3,6,60,11.4710154,11.4710154,0,0,0,0,0,1,0,0,0.2,0.9,0.1,25.5,39.7,0,0,0,0,0,0,0,1,0,0,0,0,1,1,2202.2,60,357.3,143.0380485,101.7839615,149,166481762.3,13.5,16.81475414,141.095971,9988.589807,1,244.6,SqlInjection
192.168.1.245,192.168.1.138,1780569475,9.862414694,683,11.5,124.4,9.963920227,9.963920227,0,0,0,0,0,0,0,0,0,0.7,0,0.5,1.4,0,0,0,0,0,0,0,0,0,0,0,0,1,1,1565.6,60,209.8,98.96886685,48.63019515,153,166481744.1,13.5,14.00108976,68.28478044,2695.580222,1,244.6,SqlInjection
192.168.1.246,192.168.1.139,1780569475,2176.524014,97070.3,10.9,120.5,2.673956476,2.673956476,0,0,0,0,0,0,0,0,0,0,0,373.1,763.5,0,0,0,0,0,0,0,0,0,0,0,0,1,1,1718.6,60,230,110.170325,66.97997396,125.4,166482053.2,13.5,14.85697402,94.83818895,4502.439757,1,244.6,SqlInjection
